rule_id,dimension,action,images,stage,transition,set_level
F_PHONE_INTACT,WRO,SET_3,263,fine,,3.0
F_PHONE_CRACK,WRO,SET_1,89,fine,,1.0
F_PCB_IC_FEED,RRP,UP_1,14,fine,1.0,
F_PCB_IC_CSO,CSO,UP_1,14,fine,1.0,
F_LAPTOP_OPEN_WRO,WRO,SET_4,130,fine,,4.0
F_LAPTOP_OPEN_CSO,CSO,SET_3,130,fine,,3.0
F_LAPTOP_CLOSED_WRO,WRO,SET_4,65,fine,,4.0
F_TURNTABLE_CONSOLE,TPC,UP_1,32,fine,1.0,
R_PHONE_CRACK,WRO,SET_1,12,raw_visual,,1.0
R_PCB_DEBRIS,RRP,DOWN_1,42,raw_visual,-1.0,
R_LAPTOP_DMG_WRO,WRO,SET_1,11,raw_visual,,1.0
R_LAPTOP_DMG_WRO_CONFIG,WRO,SET_1,53,raw_visual,,1.0
R_LAPTOP_DMG_CSO,CSO,SET_4,11,raw_visual,,4.0
R_LAPTOP_DMG_TPC,TPC,UP_1,53,raw_visual,1.0,
R_DISPLAY_CRACK,WRO,SET_1,20,raw_visual,,1.0
R_DISPLAY_ACTIVE,WRO,SET_3,14,raw_visual,,3.0
P06F0_COHERENT_WRO,WRO,SET_3,29,continuous,,3.0
P06F0_DISMANTLED_WRO,WRO,SET_2,41,continuous,,2.0
P06F0_DISMANTLED_CSO,CSO,SET_3,41,continuous,,3.0
