removed_source_id,claim_id,parent_id,dimension,criterion_id,removed_source_role,before_origin,before_reference_level,before_allowed_levels,support_logic,ablation_outcome,after_origin,after_reference_level,after_allowed_levels,reason
E001,P01:RRP_A_resource_relevance,1,RRP,RRP_A_resource_relevance,PRIMARY,DIRECT_LITERATURE,4.0,"[3, 4]",PRIMARY_REQUIRED,ANCHOR_BECOMES_UNSUPPORTED,UNSUPPORTED_AFTER_SOURCE_ABLATION,,[],Required external support fails and no predeclared rationale fallback is permitted.
E001,P03:RRP_A_resource_relevance,3,RRP,RRP_A_resource_relevance,PRIMARY,LITERATURE_SYNTHESIS,1.0,"[1, 2]",PRIMARY_REQUIRED,ANCHOR_BECOMES_UNSUPPORTED,UNSUPPORTED_AFTER_SOURCE_ABLATION,,[],Required external support fails and no predeclared rationale fallback is permitted.
E001,P03:RRP_C_feed_specificity,3,RRP,RRP_C_feed_specificity,CONTEXT_ONLY,MODEL_RATIONALE,2.0,"[2, 3]",NONE_REQUIRED,ANCHOR_SURVIVES_UNCHANGED,MODEL_RATIONALE,2.0,"[2, 3]",CONTEXT_ONLY source removed; remaining manually reviewed support is sufficient.
E001,P04:RRP_A_resource_relevance,4,RRP,RRP_A_resource_relevance,PRIMARY,LITERATURE_SYNTHESIS,2.0,"[2, 3]",PRIMARY_REQUIRED,ANCHOR_BECOMES_UNSUPPORTED,UNSUPPORTED_AFTER_SOURCE_ABLATION,,[],Required external support fails and no predeclared rationale fallback is permitted.
E001,P04:RRP_C_feed_specificity,4,RRP,RRP_C_feed_specificity,CONTEXT_ONLY,MODEL_RATIONALE,2.0,"[2, 3]",NONE_REQUIRED,ANCHOR_SURVIVES_UNCHANGED,MODEL_RATIONALE,2.0,"[2, 3]",CONTEXT_ONLY source removed; remaining manually reviewed support is sufficient.
E001,P05:RRP_A_resource_relevance,5,RRP,RRP_A_resource_relevance,PRIMARY,LITERATURE_SYNTHESIS,1.0,"[1, 2]",PRIMARY_REQUIRED,ANCHOR_BECOMES_UNSUPPORTED,UNSUPPORTED_AFTER_SOURCE_ABLATION,,[],Required external support fails and no predeclared rationale fallback is permitted.
E001,P05:RRP_C_feed_specificity,5,RRP,RRP_C_feed_specificity,CONTEXT_ONLY,MODEL_RATIONALE,2.0,"[2, 3]",NONE_REQUIRED,ANCHOR_SURVIVES_UNCHANGED,MODEL_RATIONALE,2.0,"[2, 3]",CONTEXT_ONLY source removed; remaining manually reviewed support is sufficient.
E001,P06:RRP_A_resource_relevance,6,RRP,RRP_A_resource_relevance,PRIMARY,LITERATURE_SYNTHESIS,4.0,"[3, 4]",PRIMARY_REQUIRED,ANCHOR_BECOMES_UNSUPPORTED,UNSUPPORTED_AFTER_SOURCE_ABLATION,,[],Required external support fails and no predeclared rationale fallback is permitted.
E001,P07:RRP_A_resource_relevance,7,RRP,RRP_A_resource_relevance,PRIMARY,LITERATURE_SYNTHESIS,3.0,"[2, 3]",PRIMARY_REQUIRED,ANCHOR_BECOMES_UNSUPPORTED,UNSUPPORTED_AFTER_SOURCE_ABLATION,,[],Required external support fails and no predeclared rationale fallback is permitted.
E001,P07:RRP_C_feed_specificity,7,RRP,RRP_C_feed_specificity,CONTEXT_ONLY,MODEL_RATIONALE,3.0,"[2, 3]",NONE_REQUIRED,ANCHOR_SURVIVES_UNCHANGED,MODEL_RATIONALE,3.0,"[2, 3]",CONTEXT_ONLY source removed; remaining manually reviewed support is sufficient.
E001,P09:RRP_A_resource_relevance,9,RRP,RRP_A_resource_relevance,PRIMARY,LITERATURE_SYNTHESIS,2.0,"[2, 3]",PRIMARY_REQUIRED,ANCHOR_BECOMES_UNSUPPORTED,UNSUPPORTED_AFTER_SOURCE_ABLATION,,[],Required external support fails and no predeclared rationale fallback is permitted.
E001,P09:RRP_C_feed_specificity,9,RRP,RRP_C_feed_specificity,PRIMARY,LITERATURE_SYNTHESIS,2.0,"[2, 3]",PRIMARY_REQUIRED,ANCHOR_BECOMES_UNSUPPORTED,UNSUPPORTED_AFTER_SOURCE_ABLATION,,[],Required external support fails and no predeclared rationale fallback is permitted.
E001,P11:RRP_A_resource_relevance,11,RRP,RRP_A_resource_relevance,CORROBORATING,DIRECT_LITERATURE,3.0,"[3, 4]",PRIMARY_REQUIRED,ANCHOR_SURVIVES_BUT_BROADENS,LITERATURE_REDUCED_AFTER_SOURCE_ABLATION,3.0,"[2, 3, 4]",CORROBORATING source removed; remaining claim support passes but precision is reduced.
E001,P11:RRP_C_feed_specificity,11,RRP,RRP_C_feed_specificity,CONTEXT_ONLY,MODEL_RATIONALE,4.0,"[3, 4]",NONE_REQUIRED,ANCHOR_SURVIVES_UNCHANGED,MODEL_RATIONALE,4.0,"[3, 4]",CONTEXT_ONLY source removed; remaining manually reviewed support is sufficient.
E001,P13:RRP_A_resource_relevance,13,RRP,RRP_A_resource_relevance,PRIMARY,LITERATURE_SYNTHESIS,2.0,"[1, 2]",PRIMARY_REQUIRED,ANCHOR_BECOMES_UNSUPPORTED,UNSUPPORTED_AFTER_SOURCE_ABLATION,,[],Required external support fails and no predeclared rationale fallback is permitted.
E001,P13:RRP_C_feed_specificity,13,RRP,RRP_C_feed_specificity,CONTEXT_ONLY,MODEL_RATIONALE,2.0,"[2, 3]",NONE_REQUIRED,ANCHOR_SURVIVES_UNCHANGED,MODEL_RATIONALE,2.0,"[2, 3]",CONTEXT_ONLY source removed; remaining manually reviewed support is sufficient.
E001,P14:RRP_A_resource_relevance,14,RRP,RRP_A_resource_relevance,PRIMARY,LITERATURE_SYNTHESIS,2.0,"[1, 2]",PRIMARY_REQUIRED,ANCHOR_BECOMES_UNSUPPORTED,UNSUPPORTED_AFTER_SOURCE_ABLATION,,[],Required external support fails and no predeclared rationale fallback is permitted.
E001,P15:RRP_A_resource_relevance,15,RRP,RRP_A_resource_relevance,CORROBORATING,DIRECT_LITERATURE,3.0,"[3, 4]",PRIMARY_REQUIRED,ANCHOR_SURVIVES_BUT_BROADENS,LITERATURE_REDUCED_AFTER_SOURCE_ABLATION,3.0,"[2, 3, 4]",CORROBORATING source removed; remaining claim support passes but precision is reduced.
E001,P15:RRP_C_feed_specificity,15,RRP,RRP_C_feed_specificity,CONTEXT_ONLY,MODEL_RATIONALE,4.0,"[3, 4]",NONE_REQUIRED,ANCHOR_SURVIVES_UNCHANGED,MODEL_RATIONALE,4.0,"[3, 4]",CONTEXT_ONLY source removed; remaining manually reviewed support is sufficient.
E002,P01:WRO_A_product_reuse,1,WRO,WRO_A_product_reuse,CONTEXT_ONLY,DIRECT_LITERATURE,4.0,"[3, 4]",PRIMARY_REQUIRED,ANCHOR_SURVIVES_UNCHANGED,LITERATURE_REMAINING_AFTER_ABLATION,4.0,"[3, 4]",CONTEXT_ONLY source removed; remaining manually reviewed support is sufficient.
E002,P01:CSO_A_component_salvage,1,CSO,CSO_A_component_salvage,CONTEXT_ONLY,LITERATURE_SYNTHESIS,3.0,"[2, 3, 4]",PRIMARY_REQUIRED,ANCHOR_SURVIVES_UNCHANGED,LITERATURE_REMAINING_AFTER_ABLATION,3.0,"[2, 3, 4]",CONTEXT_ONLY source removed; remaining manually reviewed support is sufficient.
E002,P01:CSO_C_component_specificity,1,CSO,CSO_C_component_specificity,CONTEXT_ONLY,LITERATURE_SYNTHESIS,3.0,"[2, 3, 4]",PRIMARY_REQUIRED,ANCHOR_SURVIVES_UNCHANGED,LITERATURE_REMAINING_AFTER_ABLATION,3.0,"[2, 3, 4]",CONTEXT_ONLY source removed; remaining manually reviewed support is sufficient.
E002,P03:RRP_B_recovery_maturity,3,RRP,RRP_B_recovery_maturity,CONTEXT_ONLY,LITERATURE_SYNTHESIS,2.0,"[2, 3]",PRIMARY_REQUIRED,ANCHOR_SURVIVES_UNCHANGED,LITERATURE_REMAINING_AFTER_ABLATION,2.0,"[2, 3]",CONTEXT_ONLY source removed; remaining manually reviewed support is sufficient.
E002,P03:WRO_A_product_reuse,3,WRO,WRO_A_product_reuse,CONTEXT_ONLY,LITERATURE_SYNTHESIS,3.0,"[2, 3]",PRIMARY_REQUIRED,ANCHOR_SURVIVES_UNCHANGED,LITERATURE_REMAINING_AFTER_ABLATION,3.0,"[2, 3]",CONTEXT_ONLY source removed; remaining manually reviewed support is sufficient.
E002,P03:TPC_A_specialist_requirement,3,TPC,TPC_A_specialist_requirement,CONTEXT_ONLY,MODEL_RATIONALE,1.0,"[1, 2]",NONE_REQUIRED,ANCHOR_SURVIVES_UNCHANGED,MODEL_RATIONALE,1.0,"[1, 2]",CONTEXT_ONLY source removed; remaining manually reviewed support is sufficient.
E002,P03:TPC_C_screening_relevance,3,TPC,TPC_C_screening_relevance,CONTEXT_ONLY,LITERATURE_SYNTHESIS,1.0,"[1, 2]",PRIMARY_REQUIRED,ANCHOR_SURVIVES_UNCHANGED,LITERATURE_REMAINING_AFTER_ABLATION,1.0,"[1, 2]",CONTEXT_ONLY source removed; remaining manually reviewed support is sufficient.
E002,P04:RRP_B_recovery_maturity,4,RRP,RRP_B_recovery_maturity,CONTEXT_ONLY,LITERATURE_SYNTHESIS,3.0,"[2, 3]",PRIMARY_REQUIRED,ANCHOR_SURVIVES_UNCHANGED,LITERATURE_REMAINING_AFTER_ABLATION,3.0,"[2, 3]",CONTEXT_ONLY source removed; remaining manually reviewed support is sufficient.
E002,P04:WRO_A_product_reuse,4,WRO,WRO_A_product_reuse,CONTEXT_ONLY,LITERATURE_SYNTHESIS,3.0,"[2, 3]",PRIMARY_REQUIRED,ANCHOR_SURVIVES_UNCHANGED,LITERATURE_REMAINING_AFTER_ABLATION,3.0,"[2, 3]",CONTEXT_ONLY source removed; remaining manually reviewed support is sufficient.
E002,P04:TPC_A_specialist_requirement,4,TPC,TPC_A_specialist_requirement,PRIMARY,LITERATURE_SYNTHESIS,2.0,"[2, 3]",PRIMARY_REQUIRED,ANCHOR_DOWNGRADES_TO_MODEL_RATIONALE,MODEL_RATIONALE_AFTER_SOURCE_ABLATION,2.0,"[1, 2, 3]",Required external support fails; predeclared model-rationale fallback is used.
E002,P04:TPC_C_screening_relevance,4,TPC,TPC_C_screening_relevance,CONTEXT_ONLY,LITERATURE_SYNTHESIS,2.0,"[2, 3]",PRIMARY_REQUIRED,ANCHOR_SURVIVES_UNCHANGED,LITERATURE_REMAINING_AFTER_ABLATION,2.0,"[2, 3]",CONTEXT_ONLY source removed; remaining manually reviewed support is sufficient.
E002,P05:RRP_B_recovery_maturity,5,RRP,RRP_B_recovery_maturity,CONTEXT_ONLY,LITERATURE_SYNTHESIS,2.0,"[2, 3]",PRIMARY_REQUIRED,ANCHOR_SURVIVES_UNCHANGED,LITERATURE_REMAINING_AFTER_ABLATION,2.0,"[2, 3]",CONTEXT_ONLY source removed; remaining manually reviewed support is sufficient.
E002,P05:WRO_A_product_reuse,5,WRO,WRO_A_product_reuse,CONTEXT_ONLY,LITERATURE_SYNTHESIS,3.0,"[2, 3]",PRIMARY_REQUIRED,ANCHOR_SURVIVES_UNCHANGED,LITERATURE_REMAINING_AFTER_ABLATION,3.0,"[2, 3]",CONTEXT_ONLY source removed; remaining manually reviewed support is sufficient.
E002,P05:TPC_A_specialist_requirement,5,TPC,TPC_A_specialist_requirement,CONTEXT_ONLY,MODEL_RATIONALE,1.0,"[1, 2]",NONE_REQUIRED,ANCHOR_SURVIVES_UNCHANGED,MODEL_RATIONALE,1.0,"[1, 2]",CONTEXT_ONLY source removed; remaining manually reviewed support is sufficient.
E002,P05:TPC_C_screening_relevance,5,TPC,TPC_C_screening_relevance,CONTEXT_ONLY,LITERATURE_SYNTHESIS,1.0,"[1, 2]",PRIMARY_REQUIRED,ANCHOR_SURVIVES_UNCHANGED,LITERATURE_REMAINING_AFTER_ABLATION,1.0,"[1, 2]",CONTEXT_ONLY source removed; remaining manually reviewed support is sufficient.
E002,P06:WRO_A_product_reuse,6,WRO,WRO_A_product_reuse,CONTEXT_ONLY,DIRECT_LITERATURE,4.0,"[3, 4]",PRIMARY_REQUIRED,ANCHOR_SURVIVES_UNCHANGED,LITERATURE_REMAINING_AFTER_ABLATION,4.0,"[3, 4]",CONTEXT_ONLY source removed; remaining manually reviewed support is sufficient.
E002,P07:RRP_B_recovery_maturity,7,RRP,RRP_B_recovery_maturity,CONTEXT_ONLY,LITERATURE_SYNTHESIS,3.0,"[2, 3]",PRIMARY_REQUIRED,ANCHOR_SURVIVES_UNCHANGED,LITERATURE_REMAINING_AFTER_ABLATION,3.0,"[2, 3]",CONTEXT_ONLY source removed; remaining manually reviewed support is sufficient.
E002,P07:WRO_A_product_reuse,7,WRO,WRO_A_product_reuse,CONTEXT_ONLY,MODEL_RATIONALE,2.0,"[1, 2]",NONE_REQUIRED,ANCHOR_SURVIVES_UNCHANGED,MODEL_RATIONALE,2.0,"[1, 2]",CONTEXT_ONLY source removed; remaining manually reviewed support is sufficient.
E002,P07:TPC_A_specialist_requirement,7,TPC,TPC_A_specialist_requirement,CONTEXT_ONLY,LITERATURE_SYNTHESIS,2.0,"[2, 3]",PRIMARY_REQUIRED,ANCHOR_SURVIVES_UNCHANGED,LITERATURE_REMAINING_AFTER_ABLATION,2.0,"[2, 3]",CONTEXT_ONLY source removed; remaining manually reviewed support is sufficient.
E002,P07:TPC_C_screening_relevance,7,TPC,TPC_C_screening_relevance,CONTEXT_ONLY,LITERATURE_SYNTHESIS,2.0,"[2, 3]",PRIMARY_REQUIRED,ANCHOR_SURVIVES_UNCHANGED,LITERATURE_REMAINING_AFTER_ABLATION,2.0,"[2, 3]",CONTEXT_ONLY source removed; remaining manually reviewed support is sufficient.
E002,P09:RRP_B_recovery_maturity,9,RRP,RRP_B_recovery_maturity,CONTEXT_ONLY,LITERATURE_SYNTHESIS,3.0,"[2, 3]",PRIMARY_REQUIRED,ANCHOR_SURVIVES_UNCHANGED,LITERATURE_REMAINING_AFTER_ABLATION,3.0,"[2, 3]",CONTEXT_ONLY source removed; remaining manually reviewed support is sufficient.
E002,P09:WRO_A_product_reuse,9,WRO,WRO_A_product_reuse,CONTEXT_ONLY,LITERATURE_SYNTHESIS,3.0,"[2, 3]",PRIMARY_REQUIRED,ANCHOR_SURVIVES_UNCHANGED,LITERATURE_REMAINING_AFTER_ABLATION,3.0,"[2, 3]",CONTEXT_ONLY source removed; remaining manually reviewed support is sufficient.
E002,P09:CSO_A_component_salvage,9,CSO,CSO_A_component_salvage,CONTEXT_ONLY,MODEL_RATIONALE,2.0,"[2, 3]",NONE_REQUIRED,ANCHOR_SURVIVES_UNCHANGED,MODEL_RATIONALE,2.0,"[2, 3]",CONTEXT_ONLY source removed; remaining manually reviewed support is sufficient.
E002,P09:TPC_A_specialist_requirement,9,TPC,TPC_A_specialist_requirement,CONTEXT_ONLY,LITERATURE_SYNTHESIS,3.0,"[2, 3]",PRIMARY_REQUIRED,ANCHOR_SURVIVES_UNCHANGED,LITERATURE_REMAINING_AFTER_ABLATION,3.0,"[2, 3]",CONTEXT_ONLY source removed; remaining manually reviewed support is sufficient.
E002,P09:TPC_C_screening_relevance,9,TPC,TPC_C_screening_relevance,CONTEXT_ONLY,LITERATURE_SYNTHESIS,3.0,"[2, 3]",PRIMARY_REQUIRED,ANCHOR_SURVIVES_UNCHANGED,LITERATURE_REMAINING_AFTER_ABLATION,3.0,"[2, 3]",CONTEXT_ONLY source removed; remaining manually reviewed support is sufficient.
E002,P11:RRP_B_recovery_maturity,11,RRP,RRP_B_recovery_maturity,CONTEXT_ONLY,LITERATURE_SYNTHESIS,3.0,"[2, 3]",ALL,ANCHOR_SURVIVES_UNCHANGED,LITERATURE_REMAINING_AFTER_ABLATION,3.0,"[2, 3]",CONTEXT_ONLY source removed; remaining manually reviewed support is sufficient.
E002,P11:WRO_A_product_reuse,11,WRO,WRO_A_product_reuse,CONTEXT_ONLY,MODEL_RATIONALE,2.0,"[2, 3]",NONE_REQUIRED,ANCHOR_SURVIVES_UNCHANGED,MODEL_RATIONALE,2.0,"[2, 3]",CONTEXT_ONLY source removed; remaining manually reviewed support is sufficient.
E002,P11:CSO_A_component_salvage,11,CSO,CSO_A_component_salvage,CONTEXT_ONLY,MODEL_RATIONALE,3.0,"[2, 3]",NONE_REQUIRED,ANCHOR_SURVIVES_UNCHANGED,MODEL_RATIONALE,3.0,"[2, 3]",CONTEXT_ONLY source removed; remaining manually reviewed support is sufficient.
E002,P11:TPC_A_specialist_requirement,11,TPC,TPC_A_specialist_requirement,PRIMARY,LITERATURE_SYNTHESIS,2.0,"[2, 3]",PRIMARY_REQUIRED,ANCHOR_DOWNGRADES_TO_MODEL_RATIONALE,MODEL_RATIONALE_AFTER_SOURCE_ABLATION,2.0,"[1, 2, 3]",Required external support fails; predeclared model-rationale fallback is used.
E002,P11:TPC_C_screening_relevance,11,TPC,TPC_C_screening_relevance,CONTEXT_ONLY,LITERATURE_SYNTHESIS,2.0,"[2, 3]",PRIMARY_REQUIRED,ANCHOR_SURVIVES_UNCHANGED,LITERATURE_REMAINING_AFTER_ABLATION,2.0,"[2, 3]",CONTEXT_ONLY source removed; remaining manually reviewed support is sufficient.
E002,P13:RRP_B_recovery_maturity,13,RRP,RRP_B_recovery_maturity,CONTEXT_ONLY,LITERATURE_SYNTHESIS,2.0,"[2, 3]",PRIMARY_REQUIRED,ANCHOR_SURVIVES_UNCHANGED,LITERATURE_REMAINING_AFTER_ABLATION,2.0,"[2, 3]",CONTEXT_ONLY source removed; remaining manually reviewed support is sufficient.
E002,P13:WRO_A_product_reuse,13,WRO,WRO_A_product_reuse,CONTEXT_ONLY,MODEL_RATIONALE,3.0,"[2, 3]",NONE_REQUIRED,ANCHOR_SURVIVES_UNCHANGED,MODEL_RATIONALE,3.0,"[2, 3]",CONTEXT_ONLY source removed; remaining manually reviewed support is sufficient.
E002,P13:TPC_A_specialist_requirement,13,TPC,TPC_A_specialist_requirement,CONTEXT_ONLY,MODEL_RATIONALE,2.0,"[1, 2]",NONE_REQUIRED,ANCHOR_SURVIVES_UNCHANGED,MODEL_RATIONALE,2.0,"[1, 2]",CONTEXT_ONLY source removed; remaining manually reviewed support is sufficient.
E002,P13:TPC_C_screening_relevance,13,TPC,TPC_C_screening_relevance,CONTEXT_ONLY,LITERATURE_SYNTHESIS,1.0,"[1, 2]",PRIMARY_REQUIRED,ANCHOR_SURVIVES_UNCHANGED,LITERATURE_REMAINING_AFTER_ABLATION,1.0,"[1, 2]",CONTEXT_ONLY source removed; remaining manually reviewed support is sufficient.
E002,P14:RRP_B_recovery_maturity,14,RRP,RRP_B_recovery_maturity,CONTEXT_ONLY,LITERATURE_SYNTHESIS,2.0,"[2, 3]",PRIMARY_REQUIRED,ANCHOR_SURVIVES_UNCHANGED,LITERATURE_REMAINING_AFTER_ABLATION,2.0,"[2, 3]",CONTEXT_ONLY source removed; remaining manually reviewed support is sufficient.
E002,P14:WRO_A_product_reuse,14,WRO,WRO_A_product_reuse,CONTEXT_ONLY,MODEL_RATIONALE,3.0,"[2, 3]",NONE_REQUIRED,ANCHOR_SURVIVES_UNCHANGED,MODEL_RATIONALE,3.0,"[2, 3]",CONTEXT_ONLY source removed; remaining manually reviewed support is sufficient.
E002,P14:TPC_A_specialist_requirement,14,TPC,TPC_A_specialist_requirement,CONTEXT_ONLY,MODEL_RATIONALE,1.0,"[1, 2]",NONE_REQUIRED,ANCHOR_SURVIVES_UNCHANGED,MODEL_RATIONALE,1.0,"[1, 2]",CONTEXT_ONLY source removed; remaining manually reviewed support is sufficient.
E002,P14:TPC_C_screening_relevance,14,TPC,TPC_C_screening_relevance,CONTEXT_ONLY,LITERATURE_SYNTHESIS,1.0,"[1, 2]",PRIMARY_REQUIRED,ANCHOR_SURVIVES_UNCHANGED,LITERATURE_REMAINING_AFTER_ABLATION,1.0,"[1, 2]",CONTEXT_ONLY source removed; remaining manually reviewed support is sufficient.
E002,P15:RRP_B_recovery_maturity,15,RRP,RRP_B_recovery_maturity,CONTEXT_ONLY,LITERATURE_SYNTHESIS,3.0,"[2, 3]",ALL,ANCHOR_SURVIVES_UNCHANGED,LITERATURE_REMAINING_AFTER_ABLATION,3.0,"[2, 3]",CONTEXT_ONLY source removed; remaining manually reviewed support is sufficient.
E002,P15:WRO_A_product_reuse,15,WRO,WRO_A_product_reuse,CONTEXT_ONLY,MODEL_RATIONALE,2.0,"[2, 3]",NONE_REQUIRED,ANCHOR_SURVIVES_UNCHANGED,MODEL_RATIONALE,2.0,"[2, 3]",CONTEXT_ONLY source removed; remaining manually reviewed support is sufficient.
E002,P15:CSO_A_component_salvage,15,CSO,CSO_A_component_salvage,CONTEXT_ONLY,MODEL_RATIONALE,3.0,"[2, 3]",NONE_REQUIRED,ANCHOR_SURVIVES_UNCHANGED,MODEL_RATIONALE,3.0,"[2, 3]",CONTEXT_ONLY source removed; remaining manually reviewed support is sufficient.
E002,P15:TPC_A_specialist_requirement,15,TPC,TPC_A_specialist_requirement,PRIMARY,LITERATURE_SYNTHESIS,2.0,"[2, 3]",PRIMARY_REQUIRED,ANCHOR_DOWNGRADES_TO_MODEL_RATIONALE,MODEL_RATIONALE_AFTER_SOURCE_ABLATION,2.0,"[1, 2, 3]",Required external support fails; predeclared model-rationale fallback is used.
E002,P15:TPC_C_screening_relevance,15,TPC,TPC_C_screening_relevance,CONTEXT_ONLY,LITERATURE_SYNTHESIS,2.0,"[2, 3]",PRIMARY_REQUIRED,ANCHOR_SURVIVES_UNCHANGED,LITERATURE_REMAINING_AFTER_ABLATION,2.0,"[2, 3]",CONTEXT_ONLY source removed; remaining manually reviewed support is sufficient.
E003,P01:TPC_C_screening_relevance,1,TPC,TPC_C_screening_relevance,PRIMARY,LITERATURE_SYNTHESIS,3.0,"[2, 3]",PRIMARY_PLUS_CORROBORATION,ANCHOR_SURVIVES_BUT_BROADENS,LITERATURE_REDUCED_AFTER_SOURCE_ABLATION,3.0,"[2, 3, 4]",PRIMARY source removed; remaining claim support passes but precision is reduced.
E003,P02:TPC_C_screening_relevance,2,TPC,TPC_C_screening_relevance,PRIMARY,LITERATURE_SYNTHESIS,3.0,"[3, 4]",PRIMARY_PLUS_CORROBORATION,ANCHOR_DOWNGRADES_TO_MODEL_RATIONALE,MODEL_RATIONALE_AFTER_SOURCE_ABLATION,3.0,"[2, 3, 4]",Required external support fails; predeclared model-rationale fallback is used.
E003,P03:TPC_C_screening_relevance,3,TPC,TPC_C_screening_relevance,PRIMARY,LITERATURE_SYNTHESIS,1.0,"[1, 2]",PRIMARY_REQUIRED,ANCHOR_DOWNGRADES_TO_MODEL_RATIONALE,MODEL_RATIONALE_AFTER_SOURCE_ABLATION,1.0,"[1, 2]",Required external support fails; predeclared model-rationale fallback is used.
E003,P04:TPC_C_screening_relevance,4,TPC,TPC_C_screening_relevance,PRIMARY,LITERATURE_SYNTHESIS,2.0,"[2, 3]",PRIMARY_REQUIRED,ANCHOR_DOWNGRADES_TO_MODEL_RATIONALE,MODEL_RATIONALE_AFTER_SOURCE_ABLATION,2.0,"[1, 2, 3]",Required external support fails; predeclared model-rationale fallback is used.
E003,P05:TPC_C_screening_relevance,5,TPC,TPC_C_screening_relevance,PRIMARY,LITERATURE_SYNTHESIS,1.0,"[1, 2]",PRIMARY_REQUIRED,ANCHOR_DOWNGRADES_TO_MODEL_RATIONALE,MODEL_RATIONALE_AFTER_SOURCE_ABLATION,1.0,"[1, 2]",Required external support fails; predeclared model-rationale fallback is used.
E003,P06:TPC_C_screening_relevance,6,TPC,TPC_C_screening_relevance,PRIMARY,LITERATURE_SYNTHESIS,3.0,"[2, 3]",PRIMARY_PLUS_CORROBORATION,ANCHOR_DOWNGRADES_TO_MODEL_RATIONALE,MODEL_RATIONALE_AFTER_SOURCE_ABLATION,3.0,"[2, 3, 4]",Required external support fails; predeclared model-rationale fallback is used.
E003,P07:TPC_C_screening_relevance,7,TPC,TPC_C_screening_relevance,PRIMARY,LITERATURE_SYNTHESIS,2.0,"[2, 3]",PRIMARY_REQUIRED,ANCHOR_DOWNGRADES_TO_MODEL_RATIONALE,MODEL_RATIONALE_AFTER_SOURCE_ABLATION,2.0,"[1, 2, 3]",Required external support fails; predeclared model-rationale fallback is used.
E003,P09:TPC_A_specialist_requirement,9,TPC,TPC_A_specialist_requirement,CORROBORATING,LITERATURE_SYNTHESIS,3.0,"[2, 3]",PRIMARY_REQUIRED,ANCHOR_SURVIVES_BUT_BROADENS,LITERATURE_REDUCED_AFTER_SOURCE_ABLATION,3.0,"[2, 3, 4]",CORROBORATING source removed; remaining claim support passes but precision is reduced.
E003,P09:TPC_C_screening_relevance,9,TPC,TPC_C_screening_relevance,PRIMARY,LITERATURE_SYNTHESIS,3.0,"[2, 3]",PRIMARY_REQUIRED,ANCHOR_DOWNGRADES_TO_MODEL_RATIONALE,MODEL_RATIONALE_AFTER_SOURCE_ABLATION,3.0,"[2, 3, 4]",Required external support fails; predeclared model-rationale fallback is used.
E003,P10:TPC_A_specialist_requirement,10,TPC,TPC_A_specialist_requirement,CONTEXT_ONLY,LITERATURE_SYNTHESIS,4.0,[4],PRIMARY_REQUIRED,ANCHOR_SURVIVES_UNCHANGED,LITERATURE_REMAINING_AFTER_ABLATION,4.0,[4],CONTEXT_ONLY source removed; remaining manually reviewed support is sufficient.
E003,P10:TPC_C_screening_relevance,10,TPC,TPC_C_screening_relevance,CORROBORATING,LITERATURE_SYNTHESIS,4.0,"[3, 4]",PRIMARY_REQUIRED,ANCHOR_SURVIVES_BUT_BROADENS,LITERATURE_REDUCED_AFTER_SOURCE_ABLATION,4.0,"[3, 4]",CORROBORATING source removed; remaining claim support passes but precision is reduced.
E003,P11:TPC_C_screening_relevance,11,TPC,TPC_C_screening_relevance,PRIMARY,LITERATURE_SYNTHESIS,2.0,"[2, 3]",PRIMARY_REQUIRED,ANCHOR_DOWNGRADES_TO_MODEL_RATIONALE,MODEL_RATIONALE_AFTER_SOURCE_ABLATION,2.0,"[1, 2, 3]",Required external support fails; predeclared model-rationale fallback is used.
E003,P12:TPC_C_screening_relevance,12,TPC,TPC_C_screening_relevance,CONTEXT_ONLY,DIRECT_LITERATURE,4.0,[4],PRIMARY_REQUIRED,ANCHOR_SURVIVES_UNCHANGED,LITERATURE_REMAINING_AFTER_ABLATION,4.0,[4],CONTEXT_ONLY source removed; remaining manually reviewed support is sufficient.
E003,P13:TPC_C_screening_relevance,13,TPC,TPC_C_screening_relevance,PRIMARY,LITERATURE_SYNTHESIS,1.0,"[1, 2]",PRIMARY_REQUIRED,ANCHOR_DOWNGRADES_TO_MODEL_RATIONALE,MODEL_RATIONALE_AFTER_SOURCE_ABLATION,1.0,"[1, 2]",Required external support fails; predeclared model-rationale fallback is used.
E003,P14:TPC_C_screening_relevance,14,TPC,TPC_C_screening_relevance,PRIMARY,LITERATURE_SYNTHESIS,1.0,"[1, 2]",PRIMARY_REQUIRED,ANCHOR_DOWNGRADES_TO_MODEL_RATIONALE,MODEL_RATIONALE_AFTER_SOURCE_ABLATION,1.0,"[1, 2]",Required external support fails; predeclared model-rationale fallback is used.
E003,P15:TPC_C_screening_relevance,15,TPC,TPC_C_screening_relevance,PRIMARY,LITERATURE_SYNTHESIS,2.0,"[2, 3]",PRIMARY_REQUIRED,ANCHOR_DOWNGRADES_TO_MODEL_RATIONALE,MODEL_RATIONALE_AFTER_SOURCE_ABLATION,2.0,"[1, 2, 3]",Required external support fails; predeclared model-rationale fallback is used.
E004,P01:TPC_C_screening_relevance,1,TPC,TPC_C_screening_relevance,PRIMARY,LITERATURE_SYNTHESIS,3.0,"[2, 3]",PRIMARY_PLUS_CORROBORATION,ANCHOR_SURVIVES_BUT_BROADENS,LITERATURE_REDUCED_AFTER_SOURCE_ABLATION,3.0,"[2, 3, 4]",PRIMARY source removed; remaining claim support passes but precision is reduced.
E004,P10:TPC_C_screening_relevance,10,TPC,TPC_C_screening_relevance,CORROBORATING,LITERATURE_SYNTHESIS,4.0,"[3, 4]",PRIMARY_REQUIRED,ANCHOR_SURVIVES_BUT_BROADENS,LITERATURE_REDUCED_AFTER_SOURCE_ABLATION,4.0,"[3, 4]",CORROBORATING source removed; remaining claim support passes but precision is reduced.
E005,P01:RRP_B_recovery_maturity,1,RRP,RRP_B_recovery_maturity,PRIMARY,LITERATURE_SYNTHESIS,4.0,"[3, 4]",ALL,ANCHOR_DOWNGRADES_TO_MODEL_RATIONALE,MODEL_RATIONALE_AFTER_SOURCE_ABLATION,4.0,"[3, 4]",Required external support fails; predeclared model-rationale fallback is used.
E005,P01:RRP_C_feed_specificity,1,RRP,RRP_C_feed_specificity,PRIMARY,LITERATURE_SYNTHESIS,3.0,"[2, 3, 4]",ALL,ANCHOR_DOWNGRADES_TO_MODEL_RATIONALE,MODEL_RATIONALE_AFTER_SOURCE_ABLATION,3.0,"[2, 3, 4]",Required external support fails; predeclared model-rationale fallback is used.
E005,P02:RRP_B_recovery_maturity,2,RRP,RRP_B_recovery_maturity,PRIMARY,LITERATURE_SYNTHESIS,4.0,"[3, 4]",ALL,ANCHOR_DOWNGRADES_TO_MODEL_RATIONALE,MODEL_RATIONALE_AFTER_SOURCE_ABLATION,4.0,"[3, 4]",Required external support fails; predeclared model-rationale fallback is used.
E005,P02:RRP_C_feed_specificity,2,RRP,RRP_C_feed_specificity,PRIMARY,LITERATURE_SYNTHESIS,4.0,"[3, 4]",ALL,ANCHOR_DOWNGRADES_TO_MODEL_RATIONALE,MODEL_RATIONALE_AFTER_SOURCE_ABLATION,4.0,"[3, 4]",Required external support fails; predeclared model-rationale fallback is used.
E005,P02:TPC_A_specialist_requirement,2,TPC,TPC_A_specialist_requirement,PRIMARY,DIRECT_LITERATURE,4.0,[4],ALL,ANCHOR_DOWNGRADES_TO_MODEL_RATIONALE,MODEL_RATIONALE_AFTER_SOURCE_ABLATION,4.0,"[3, 4]",Required external support fails; predeclared model-rationale fallback is used.
E005,P06:RRP_A_resource_relevance,6,RRP,RRP_A_resource_relevance,CORROBORATING,LITERATURE_SYNTHESIS,4.0,"[3, 4]",PRIMARY_REQUIRED,ANCHOR_SURVIVES_UNCHANGED,LITERATURE_REMAINING_AFTER_ABLATION,4.0,"[3, 4]",CORROBORATING source removed; remaining manually reviewed support is sufficient.
E005,P06:RRP_B_recovery_maturity,6,RRP,RRP_B_recovery_maturity,PRIMARY,LITERATURE_SYNTHESIS,4.0,"[3, 4]",ALL,ANCHOR_DOWNGRADES_TO_MODEL_RATIONALE,MODEL_RATIONALE_AFTER_SOURCE_ABLATION,4.0,"[3, 4]",Required external support fails; predeclared model-rationale fallback is used.
E005,P06:RRP_C_feed_specificity,6,RRP,RRP_C_feed_specificity,PRIMARY,LITERATURE_SYNTHESIS,3.0,"[3, 4]",ALL,ANCHOR_DOWNGRADES_TO_MODEL_RATIONALE,MODEL_RATIONALE_AFTER_SOURCE_ABLATION,3.0,"[2, 3, 4]",Required external support fails; predeclared model-rationale fallback is used.
E005,P06:CSO_A_component_salvage,6,CSO,CSO_A_component_salvage,CORROBORATING,LITERATURE_SYNTHESIS,4.0,"[3, 4]",PRIMARY_REQUIRED,ANCHOR_SURVIVES_BUT_BROADENS,LITERATURE_REDUCED_AFTER_SOURCE_ABLATION,4.0,"[3, 4]",CORROBORATING source removed; remaining claim support passes but precision is reduced.
E005,P06:TPC_A_specialist_requirement,6,TPC,TPC_A_specialist_requirement,PRIMARY,LITERATURE_SYNTHESIS,3.0,"[2, 3]",ALL,ANCHOR_DOWNGRADES_TO_MODEL_RATIONALE,MODEL_RATIONALE_AFTER_SOURCE_ABLATION,3.0,"[2, 3, 4]",Required external support fails; predeclared model-rationale fallback is used.
E005,P06:CSO_C_component_specificity,6,CSO,CSO_C_component_specificity,CORROBORATING,LITERATURE_SYNTHESIS,4.0,"[3, 4]",PRIMARY_REQUIRED,ANCHOR_SURVIVES_BUT_BROADENS,LITERATURE_REDUCED_AFTER_SOURCE_ABLATION,4.0,"[3, 4]",CORROBORATING source removed; remaining claim support passes but precision is reduced.
E006,P10:RRP_A_resource_relevance,10,RRP,RRP_A_resource_relevance,CONTEXT_ONLY,UNSUPPORTED,,"[1, 2, 3, 4]",NONE_REQUIRED,ANCHOR_SURVIVES_UNCHANGED,UNSUPPORTED,,"[1, 2, 3, 4]",CONTEXT_ONLY source removed; remaining manually reviewed support is sufficient.
E006,P10:RRP_B_recovery_maturity,10,RRP,RRP_B_recovery_maturity,CORROBORATING,LITERATURE_SYNTHESIS,4.0,"[3, 4]",PRIMARY_REQUIRED,ANCHOR_SURVIVES_BUT_BROADENS,LITERATURE_REDUCED_AFTER_SOURCE_ABLATION,4.0,"[3, 4]",CORROBORATING source removed; remaining claim support passes but precision is reduced.
E006,P10:TPC_A_specialist_requirement,10,TPC,TPC_A_specialist_requirement,CORROBORATING,LITERATURE_SYNTHESIS,4.0,[4],PRIMARY_REQUIRED,ANCHOR_SURVIVES_BUT_BROADENS,LITERATURE_REDUCED_AFTER_SOURCE_ABLATION,4.0,"[3, 4]",CORROBORATING source removed; remaining claim support passes but precision is reduced.
E006,P10:TPC_B_separation_complexity,10,TPC,TPC_B_separation_complexity,CORROBORATING,LITERATURE_SYNTHESIS,3.0,"[2, 3, 4]",PRIMARY_REQUIRED,ANCHOR_SURVIVES_BUT_BROADENS,LITERATURE_REDUCED_AFTER_SOURCE_ABLATION,3.0,"[2, 3, 4]",CORROBORATING source removed; remaining claim support passes but precision is reduced.
E007,P07:RRP_A_resource_relevance,7,RRP,RRP_A_resource_relevance,CORROBORATING,LITERATURE_SYNTHESIS,3.0,"[2, 3]",PRIMARY_REQUIRED,ANCHOR_SURVIVES_BUT_BROADENS,LITERATURE_REDUCED_AFTER_SOURCE_ABLATION,3.0,"[2, 3, 4]",CORROBORATING source removed; remaining claim support passes but precision is reduced.
E007,P11:RRP_A_resource_relevance,11,RRP,RRP_A_resource_relevance,PRIMARY,DIRECT_LITERATURE,3.0,"[3, 4]",PRIMARY_REQUIRED,ANCHOR_BECOMES_UNSUPPORTED,UNSUPPORTED_AFTER_SOURCE_ABLATION,,[],Required external support fails and no predeclared rationale fallback is permitted.
E007,P11:RRP_B_recovery_maturity,11,RRP,RRP_B_recovery_maturity,PRIMARY,LITERATURE_SYNTHESIS,3.0,"[2, 3]",ALL,ANCHOR_DOWNGRADES_TO_MODEL_RATIONALE,MODEL_RATIONALE_AFTER_SOURCE_ABLATION,3.0,"[2, 3, 4]",Required external support fails; predeclared model-rationale fallback is used.
E007,P11:TPC_B_separation_complexity,11,TPC,TPC_B_separation_complexity,CONTEXT_ONLY,MODEL_RATIONALE,3.0,"[2, 3]",NONE_REQUIRED,ANCHOR_SURVIVES_UNCHANGED,MODEL_RATIONALE,3.0,"[2, 3]",CONTEXT_ONLY source removed; remaining manually reviewed support is sufficient.
E007,P15:RRP_A_resource_relevance,15,RRP,RRP_A_resource_relevance,PRIMARY,DIRECT_LITERATURE,3.0,"[3, 4]",PRIMARY_REQUIRED,ANCHOR_BECOMES_UNSUPPORTED,UNSUPPORTED_AFTER_SOURCE_ABLATION,,[],Required external support fails and no predeclared rationale fallback is permitted.
E007,P15:RRP_B_recovery_maturity,15,RRP,RRP_B_recovery_maturity,PRIMARY,LITERATURE_SYNTHESIS,3.0,"[2, 3]",ALL,ANCHOR_DOWNGRADES_TO_MODEL_RATIONALE,MODEL_RATIONALE_AFTER_SOURCE_ABLATION,3.0,"[2, 3, 4]",Required external support fails; predeclared model-rationale fallback is used.
E007,P15:TPC_B_separation_complexity,15,TPC,TPC_B_separation_complexity,CONTEXT_ONLY,MODEL_RATIONALE,3.0,"[2, 3]",NONE_REQUIRED,ANCHOR_SURVIVES_UNCHANGED,MODEL_RATIONALE,3.0,"[2, 3]",CONTEXT_ONLY source removed; remaining manually reviewed support is sufficient.
E008,P12:RRP_A_resource_relevance,12,RRP,RRP_A_resource_relevance,PRIMARY,LITERATURE_SYNTHESIS,2.0,"[2, 3]",PRIMARY_REQUIRED,ANCHOR_BECOMES_UNSUPPORTED,UNSUPPORTED_AFTER_SOURCE_ABLATION,,[],Required external support fails and no predeclared rationale fallback is permitted.
E008,P12:RRP_B_recovery_maturity,12,RRP,RRP_B_recovery_maturity,PRIMARY,DIRECT_LITERATURE,3.0,"[2, 3]",PRIMARY_REQUIRED,ANCHOR_BECOMES_UNSUPPORTED,UNSUPPORTED_AFTER_SOURCE_ABLATION,,[],Required external support fails and no predeclared rationale fallback is permitted.
E008,P12:RRP_C_feed_specificity,12,RRP,RRP_C_feed_specificity,PRIMARY,LITERATURE_SYNTHESIS,3.0,"[2, 3]",PRIMARY_REQUIRED,ANCHOR_BECOMES_UNSUPPORTED,UNSUPPORTED_AFTER_SOURCE_ABLATION,,[],Required external support fails and no predeclared rationale fallback is permitted.
E008,P12:WRO_A_product_reuse,12,WRO,WRO_A_product_reuse,PRIMARY,DIRECT_LITERATURE,2.0,"[1, 2]",PRIMARY_REQUIRED,ANCHOR_BECOMES_UNSUPPORTED,UNSUPPORTED_AFTER_SOURCE_ABLATION,,[],Required external support fails and no predeclared rationale fallback is permitted.
E008,P12:CSO_A_component_salvage,12,CSO,CSO_A_component_salvage,CONTEXT_ONLY,MODEL_RATIONALE,2.0,"[1, 2]",NONE_REQUIRED,ANCHOR_SURVIVES_UNCHANGED,MODEL_RATIONALE,2.0,"[1, 2]",CONTEXT_ONLY source removed; remaining manually reviewed support is sufficient.
E008,P12:TPC_A_specialist_requirement,12,TPC,TPC_A_specialist_requirement,PRIMARY,DIRECT_LITERATURE,4.0,[4],PRIMARY_REQUIRED,ANCHOR_BECOMES_UNSUPPORTED,UNSUPPORTED_AFTER_SOURCE_ABLATION,,[],Required external support fails and no predeclared rationale fallback is permitted.
E008,P12:TPC_B_separation_complexity,12,TPC,TPC_B_separation_complexity,PRIMARY,DIRECT_LITERATURE,4.0,"[3, 4]",PRIMARY_REQUIRED,ANCHOR_BECOMES_UNSUPPORTED,UNSUPPORTED_AFTER_SOURCE_ABLATION,,[],Required external support fails and no predeclared rationale fallback is permitted.
E008,P12:TPC_C_screening_relevance,12,TPC,TPC_C_screening_relevance,PRIMARY,DIRECT_LITERATURE,4.0,[4],PRIMARY_REQUIRED,ANCHOR_BECOMES_UNSUPPORTED,UNSUPPORTED_AFTER_SOURCE_ABLATION,,[],Required external support fails and no predeclared rationale fallback is permitted.
E008,P12:CSO_C_component_specificity,12,CSO,CSO_C_component_specificity,CONTEXT_ONLY,MODEL_RATIONALE,2.0,"[1, 2]",NONE_REQUIRED,ANCHOR_SURVIVES_UNCHANGED,MODEL_RATIONALE,2.0,"[1, 2]",CONTEXT_ONLY source removed; remaining manually reviewed support is sufficient.
E009,P02:RRP_A_resource_relevance,2,RRP,RRP_A_resource_relevance,PRIMARY,DIRECT_LITERATURE,4.0,"[3, 4]",PRIMARY_REQUIRED,ANCHOR_BECOMES_UNSUPPORTED,UNSUPPORTED_AFTER_SOURCE_ABLATION,,[],Required external support fails and no predeclared rationale fallback is permitted.
E009,P02:RRP_B_recovery_maturity,2,RRP,RRP_B_recovery_maturity,PRIMARY,LITERATURE_SYNTHESIS,4.0,"[3, 4]",ALL,ANCHOR_DOWNGRADES_TO_MODEL_RATIONALE,MODEL_RATIONALE_AFTER_SOURCE_ABLATION,4.0,"[3, 4]",Required external support fails; predeclared model-rationale fallback is used.
E009,P02:RRP_C_feed_specificity,2,RRP,RRP_C_feed_specificity,PRIMARY,LITERATURE_SYNTHESIS,4.0,"[3, 4]",ALL,ANCHOR_DOWNGRADES_TO_MODEL_RATIONALE,MODEL_RATIONALE_AFTER_SOURCE_ABLATION,4.0,"[3, 4]",Required external support fails; predeclared model-rationale fallback is used.
E009,P02:CSO_A_component_salvage,2,CSO,CSO_A_component_salvage,PRIMARY,DIRECT_LITERATURE,4.0,"[3, 4]",PRIMARY_REQUIRED,ANCHOR_BECOMES_UNSUPPORTED,UNSUPPORTED_AFTER_SOURCE_ABLATION,,[],Required external support fails and no predeclared rationale fallback is permitted.
E009,P02:TPC_A_specialist_requirement,2,TPC,TPC_A_specialist_requirement,PRIMARY,DIRECT_LITERATURE,4.0,[4],ALL,ANCHOR_DOWNGRADES_TO_MODEL_RATIONALE,MODEL_RATIONALE_AFTER_SOURCE_ABLATION,4.0,"[3, 4]",Required external support fails; predeclared model-rationale fallback is used.
E009,P02:TPC_B_separation_complexity,2,TPC,TPC_B_separation_complexity,PRIMARY,DIRECT_LITERATURE,4.0,"[3, 4]",PRIMARY_REQUIRED,ANCHOR_DOWNGRADES_TO_MODEL_RATIONALE,MODEL_RATIONALE_AFTER_SOURCE_ABLATION,4.0,"[3, 4]",Required external support fails; predeclared model-rationale fallback is used.
E009,P02:TPC_C_screening_relevance,2,TPC,TPC_C_screening_relevance,CORROBORATING,LITERATURE_SYNTHESIS,3.0,"[3, 4]",PRIMARY_PLUS_CORROBORATION,ANCHOR_DOWNGRADES_TO_MODEL_RATIONALE,MODEL_RATIONALE_AFTER_SOURCE_ABLATION,3.0,"[2, 3, 4]",Required external support fails; predeclared model-rationale fallback is used.
E009,P02:CSO_C_component_specificity,2,CSO,CSO_C_component_specificity,PRIMARY,DIRECT_LITERATURE,4.0,"[3, 4]",PRIMARY_REQUIRED,ANCHOR_BECOMES_UNSUPPORTED,UNSUPPORTED_AFTER_SOURCE_ABLATION,,[],Required external support fails and no predeclared rationale fallback is permitted.
E010,P01:RRP_B_recovery_maturity,1,RRP,RRP_B_recovery_maturity,CORROBORATING,LITERATURE_SYNTHESIS,4.0,"[3, 4]",ALL,ANCHOR_SURVIVES_BUT_BROADENS,LITERATURE_REDUCED_AFTER_SOURCE_ABLATION,4.0,"[3, 4]",CORROBORATING source removed; remaining claim support passes but precision is reduced.
E010,P01:TPC_A_specialist_requirement,1,TPC,TPC_A_specialist_requirement,CORROBORATING,LITERATURE_SYNTHESIS,3.0,"[2, 3]",PRIMARY_REQUIRED,ANCHOR_SURVIVES_BUT_BROADENS,LITERATURE_REDUCED_AFTER_SOURCE_ABLATION,3.0,"[2, 3, 4]",CORROBORATING source removed; remaining claim support passes but precision is reduced.
E010,P01:TPC_B_separation_complexity,1,TPC,TPC_B_separation_complexity,PRIMARY,LITERATURE_SYNTHESIS,3.0,"[2, 3]",PRIMARY_REQUIRED,ANCHOR_DOWNGRADES_TO_MODEL_RATIONALE,MODEL_RATIONALE_AFTER_SOURCE_ABLATION,3.0,"[2, 3, 4]",Required external support fails; predeclared model-rationale fallback is used.
E010,P02:RRP_B_recovery_maturity,2,RRP,RRP_B_recovery_maturity,CORROBORATING,LITERATURE_SYNTHESIS,4.0,"[3, 4]",ALL,ANCHOR_SURVIVES_BUT_BROADENS,LITERATURE_REDUCED_AFTER_SOURCE_ABLATION,4.0,"[3, 4]",CORROBORATING source removed; remaining claim support passes but precision is reduced.
E010,P02:TPC_B_separation_complexity,2,TPC,TPC_B_separation_complexity,CORROBORATING,DIRECT_LITERATURE,4.0,"[3, 4]",PRIMARY_REQUIRED,ANCHOR_SURVIVES_BUT_BROADENS,LITERATURE_REDUCED_AFTER_SOURCE_ABLATION,4.0,"[3, 4]",CORROBORATING source removed; remaining claim support passes but precision is reduced.
E010,P03:RRP_B_recovery_maturity,3,RRP,RRP_B_recovery_maturity,PRIMARY,LITERATURE_SYNTHESIS,2.0,"[2, 3]",PRIMARY_REQUIRED,ANCHOR_DOWNGRADES_TO_MODEL_RATIONALE,MODEL_RATIONALE_AFTER_SOURCE_ABLATION,2.0,"[1, 2, 3]",Required external support fails; predeclared model-rationale fallback is used.
E010,P03:TPC_B_separation_complexity,3,TPC,TPC_B_separation_complexity,CONTEXT_ONLY,MODEL_RATIONALE,2.0,"[1, 2, 3]",NONE_REQUIRED,ANCHOR_SURVIVES_UNCHANGED,MODEL_RATIONALE,2.0,"[1, 2, 3]",CONTEXT_ONLY source removed; remaining manually reviewed support is sufficient.
E010,P04:RRP_B_recovery_maturity,4,RRP,RRP_B_recovery_maturity,PRIMARY,LITERATURE_SYNTHESIS,3.0,"[2, 3]",PRIMARY_REQUIRED,ANCHOR_DOWNGRADES_TO_MODEL_RATIONALE,MODEL_RATIONALE_AFTER_SOURCE_ABLATION,3.0,"[2, 3, 4]",Required external support fails; predeclared model-rationale fallback is used.
E010,P04:TPC_B_separation_complexity,4,TPC,TPC_B_separation_complexity,CONTEXT_ONLY,MODEL_RATIONALE,3.0,"[2, 3]",NONE_REQUIRED,ANCHOR_SURVIVES_UNCHANGED,MODEL_RATIONALE,3.0,"[2, 3]",CONTEXT_ONLY source removed; remaining manually reviewed support is sufficient.
E010,P05:RRP_B_recovery_maturity,5,RRP,RRP_B_recovery_maturity,PRIMARY,LITERATURE_SYNTHESIS,2.0,"[2, 3]",PRIMARY_REQUIRED,ANCHOR_DOWNGRADES_TO_MODEL_RATIONALE,MODEL_RATIONALE_AFTER_SOURCE_ABLATION,2.0,"[1, 2, 3]",Required external support fails; predeclared model-rationale fallback is used.
E010,P05:TPC_B_separation_complexity,5,TPC,TPC_B_separation_complexity,CONTEXT_ONLY,MODEL_RATIONALE,2.0,"[1, 2, 3]",NONE_REQUIRED,ANCHOR_SURVIVES_UNCHANGED,MODEL_RATIONALE,2.0,"[1, 2, 3]",CONTEXT_ONLY source removed; remaining manually reviewed support is sufficient.
E010,P06:RRP_B_recovery_maturity,6,RRP,RRP_B_recovery_maturity,CORROBORATING,LITERATURE_SYNTHESIS,4.0,"[3, 4]",ALL,ANCHOR_SURVIVES_BUT_BROADENS,LITERATURE_REDUCED_AFTER_SOURCE_ABLATION,4.0,"[3, 4]",CORROBORATING source removed; remaining claim support passes but precision is reduced.
E010,P06:TPC_A_specialist_requirement,6,TPC,TPC_A_specialist_requirement,CORROBORATING,LITERATURE_SYNTHESIS,3.0,"[2, 3]",ALL,ANCHOR_SURVIVES_BUT_BROADENS,LITERATURE_REDUCED_AFTER_SOURCE_ABLATION,3.0,"[2, 3, 4]",CORROBORATING source removed; remaining claim support passes but precision is reduced.
E010,P06:TPC_B_separation_complexity,6,TPC,TPC_B_separation_complexity,CORROBORATING,LITERATURE_SYNTHESIS,3.0,"[3, 4]",PRIMARY_REQUIRED,ANCHOR_SURVIVES_BUT_BROADENS,LITERATURE_REDUCED_AFTER_SOURCE_ABLATION,3.0,"[2, 3, 4]",CORROBORATING source removed; remaining claim support passes but precision is reduced.
E010,P07:RRP_B_recovery_maturity,7,RRP,RRP_B_recovery_maturity,PRIMARY,LITERATURE_SYNTHESIS,3.0,"[2, 3]",PRIMARY_REQUIRED,ANCHOR_DOWNGRADES_TO_MODEL_RATIONALE,MODEL_RATIONALE_AFTER_SOURCE_ABLATION,3.0,"[2, 3, 4]",Required external support fails; predeclared model-rationale fallback is used.
E010,P07:TPC_A_specialist_requirement,7,TPC,TPC_A_specialist_requirement,PRIMARY,LITERATURE_SYNTHESIS,2.0,"[2, 3]",PRIMARY_REQUIRED,ANCHOR_DOWNGRADES_TO_MODEL_RATIONALE,MODEL_RATIONALE_AFTER_SOURCE_ABLATION,2.0,"[1, 2, 3]",Required external support fails; predeclared model-rationale fallback is used.
E010,P07:TPC_B_separation_complexity,7,TPC,TPC_B_separation_complexity,CONTEXT_ONLY,MODEL_RATIONALE,3.0,"[2, 3]",NONE_REQUIRED,ANCHOR_SURVIVES_UNCHANGED,MODEL_RATIONALE,3.0,"[2, 3]",CONTEXT_ONLY source removed; remaining manually reviewed support is sufficient.
E010,P09:RRP_A_resource_relevance,9,RRP,RRP_A_resource_relevance,CORROBORATING,LITERATURE_SYNTHESIS,2.0,"[2, 3]",PRIMARY_REQUIRED,ANCHOR_SURVIVES_UNCHANGED,LITERATURE_REMAINING_AFTER_ABLATION,2.0,"[2, 3]",CORROBORATING source removed; remaining manually reviewed support is sufficient.
E010,P09:RRP_B_recovery_maturity,9,RRP,RRP_B_recovery_maturity,PRIMARY,LITERATURE_SYNTHESIS,3.0,"[2, 3]",PRIMARY_REQUIRED,ANCHOR_DOWNGRADES_TO_MODEL_RATIONALE,MODEL_RATIONALE_AFTER_SOURCE_ABLATION,3.0,"[2, 3, 4]",Required external support fails; predeclared model-rationale fallback is used.
E010,P09:TPC_A_specialist_requirement,9,TPC,TPC_A_specialist_requirement,PRIMARY,LITERATURE_SYNTHESIS,3.0,"[2, 3]",PRIMARY_REQUIRED,ANCHOR_DOWNGRADES_TO_MODEL_RATIONALE,MODEL_RATIONALE_AFTER_SOURCE_ABLATION,3.0,"[2, 3, 4]",Required external support fails; predeclared model-rationale fallback is used.
E010,P09:TPC_B_separation_complexity,9,TPC,TPC_B_separation_complexity,PRIMARY,LITERATURE_SYNTHESIS,3.0,"[2, 3]",PRIMARY_REQUIRED,ANCHOR_DOWNGRADES_TO_MODEL_RATIONALE,MODEL_RATIONALE_AFTER_SOURCE_ABLATION,3.0,"[2, 3, 4]",Required external support fails; predeclared model-rationale fallback is used.
E010,P11:RRP_B_recovery_maturity,11,RRP,RRP_B_recovery_maturity,PRIMARY,LITERATURE_SYNTHESIS,3.0,"[2, 3]",ALL,ANCHOR_DOWNGRADES_TO_MODEL_RATIONALE,MODEL_RATIONALE_AFTER_SOURCE_ABLATION,3.0,"[2, 3, 4]",Required external support fails; predeclared model-rationale fallback is used.
E010,P11:TPC_B_separation_complexity,11,TPC,TPC_B_separation_complexity,CONTEXT_ONLY,MODEL_RATIONALE,3.0,"[2, 3]",NONE_REQUIRED,ANCHOR_SURVIVES_UNCHANGED,MODEL_RATIONALE,3.0,"[2, 3]",CONTEXT_ONLY source removed; remaining manually reviewed support is sufficient.
E010,P12:RRP_A_resource_relevance,12,RRP,RRP_A_resource_relevance,CORROBORATING,LITERATURE_SYNTHESIS,2.0,"[2, 3]",PRIMARY_REQUIRED,ANCHOR_SURVIVES_UNCHANGED,LITERATURE_REMAINING_AFTER_ABLATION,2.0,"[2, 3]",CORROBORATING source removed; remaining manually reviewed support is sufficient.
E010,P13:RRP_B_recovery_maturity,13,RRP,RRP_B_recovery_maturity,PRIMARY,LITERATURE_SYNTHESIS,2.0,"[2, 3]",PRIMARY_REQUIRED,ANCHOR_DOWNGRADES_TO_MODEL_RATIONALE,MODEL_RATIONALE_AFTER_SOURCE_ABLATION,2.0,"[1, 2, 3]",Required external support fails; predeclared model-rationale fallback is used.
E010,P13:TPC_B_separation_complexity,13,TPC,TPC_B_separation_complexity,CONTEXT_ONLY,MODEL_RATIONALE,2.0,"[2, 3]",NONE_REQUIRED,ANCHOR_SURVIVES_UNCHANGED,MODEL_RATIONALE,2.0,"[2, 3]",CONTEXT_ONLY source removed; remaining manually reviewed support is sufficient.
E010,P14:RRP_B_recovery_maturity,14,RRP,RRP_B_recovery_maturity,PRIMARY,LITERATURE_SYNTHESIS,2.0,"[2, 3]",PRIMARY_REQUIRED,ANCHOR_DOWNGRADES_TO_MODEL_RATIONALE,MODEL_RATIONALE_AFTER_SOURCE_ABLATION,2.0,"[1, 2, 3]",Required external support fails; predeclared model-rationale fallback is used.
E010,P15:RRP_B_recovery_maturity,15,RRP,RRP_B_recovery_maturity,PRIMARY,LITERATURE_SYNTHESIS,3.0,"[2, 3]",ALL,ANCHOR_DOWNGRADES_TO_MODEL_RATIONALE,MODEL_RATIONALE_AFTER_SOURCE_ABLATION,3.0,"[2, 3, 4]",Required external support fails; predeclared model-rationale fallback is used.
E010,P15:TPC_B_separation_complexity,15,TPC,TPC_B_separation_complexity,CONTEXT_ONLY,MODEL_RATIONALE,3.0,"[2, 3]",NONE_REQUIRED,ANCHOR_SURVIVES_UNCHANGED,MODEL_RATIONALE,3.0,"[2, 3]",CONTEXT_ONLY source removed; remaining manually reviewed support is sufficient.
E011,P03:WRO_A_product_reuse,3,WRO,WRO_A_product_reuse,PRIMARY,LITERATURE_SYNTHESIS,3.0,"[2, 3]",PRIMARY_REQUIRED,ANCHOR_BECOMES_UNSUPPORTED,UNSUPPORTED_AFTER_SOURCE_ABLATION,,[],Required external support fails and no predeclared rationale fallback is permitted.
E011,P03:CSO_A_component_salvage,3,CSO,CSO_A_component_salvage,CONTEXT_ONLY,MODEL_RATIONALE,2.0,"[1, 2, 3]",NONE_REQUIRED,ANCHOR_SURVIVES_UNCHANGED,MODEL_RATIONALE,2.0,"[1, 2, 3]",CONTEXT_ONLY source removed; remaining manually reviewed support is sufficient.
E011,P04:WRO_A_product_reuse,4,WRO,WRO_A_product_reuse,PRIMARY,LITERATURE_SYNTHESIS,3.0,"[2, 3]",PRIMARY_REQUIRED,ANCHOR_BECOMES_UNSUPPORTED,UNSUPPORTED_AFTER_SOURCE_ABLATION,,[],Required external support fails and no predeclared rationale fallback is permitted.
E011,P04:CSO_A_component_salvage,4,CSO,CSO_A_component_salvage,CONTEXT_ONLY,MODEL_RATIONALE,3.0,"[2, 3]",NONE_REQUIRED,ANCHOR_SURVIVES_UNCHANGED,MODEL_RATIONALE,3.0,"[2, 3]",CONTEXT_ONLY source removed; remaining manually reviewed support is sufficient.
E011,P04:CSO_C_component_specificity,4,CSO,CSO_C_component_specificity,CONTEXT_ONLY,MODEL_RATIONALE,3.0,"[2, 3]",NONE_REQUIRED,ANCHOR_SURVIVES_UNCHANGED,MODEL_RATIONALE,3.0,"[2, 3]",CONTEXT_ONLY source removed; remaining manually reviewed support is sufficient.
E011,P05:WRO_A_product_reuse,5,WRO,WRO_A_product_reuse,PRIMARY,LITERATURE_SYNTHESIS,3.0,"[2, 3]",PRIMARY_REQUIRED,ANCHOR_BECOMES_UNSUPPORTED,UNSUPPORTED_AFTER_SOURCE_ABLATION,,[],Required external support fails and no predeclared rationale fallback is permitted.
E011,P05:CSO_A_component_salvage,5,CSO,CSO_A_component_salvage,CONTEXT_ONLY,MODEL_RATIONALE,2.0,"[1, 2, 3]",NONE_REQUIRED,ANCHOR_SURVIVES_UNCHANGED,MODEL_RATIONALE,2.0,"[1, 2, 3]",CONTEXT_ONLY source removed; remaining manually reviewed support is sufficient.
E011,P06:RRP_B_recovery_maturity,6,RRP,RRP_B_recovery_maturity,PRIMARY,LITERATURE_SYNTHESIS,4.0,"[3, 4]",ALL,ANCHOR_DOWNGRADES_TO_MODEL_RATIONALE,MODEL_RATIONALE_AFTER_SOURCE_ABLATION,4.0,"[3, 4]",Required external support fails; predeclared model-rationale fallback is used.
E011,P06:RRP_C_feed_specificity,6,RRP,RRP_C_feed_specificity,PRIMARY,LITERATURE_SYNTHESIS,3.0,"[3, 4]",ALL,ANCHOR_DOWNGRADES_TO_MODEL_RATIONALE,MODEL_RATIONALE_AFTER_SOURCE_ABLATION,3.0,"[2, 3, 4]",Required external support fails; predeclared model-rationale fallback is used.
E011,P06:WRO_A_product_reuse,6,WRO,WRO_A_product_reuse,PRIMARY,DIRECT_LITERATURE,4.0,"[3, 4]",PRIMARY_REQUIRED,ANCHOR_BECOMES_UNSUPPORTED,UNSUPPORTED_AFTER_SOURCE_ABLATION,,[],Required external support fails and no predeclared rationale fallback is permitted.
E011,P06:CSO_A_component_salvage,6,CSO,CSO_A_component_salvage,PRIMARY,LITERATURE_SYNTHESIS,4.0,"[3, 4]",PRIMARY_REQUIRED,ANCHOR_DOWNGRADES_TO_MODEL_RATIONALE,MODEL_RATIONALE_AFTER_SOURCE_ABLATION,4.0,"[3, 4]",Required external support fails; predeclared model-rationale fallback is used.
E011,P06:TPC_A_specialist_requirement,6,TPC,TPC_A_specialist_requirement,PRIMARY,LITERATURE_SYNTHESIS,3.0,"[2, 3]",ALL,ANCHOR_DOWNGRADES_TO_MODEL_RATIONALE,MODEL_RATIONALE_AFTER_SOURCE_ABLATION,3.0,"[2, 3, 4]",Required external support fails; predeclared model-rationale fallback is used.
E011,P06:TPC_B_separation_complexity,6,TPC,TPC_B_separation_complexity,PRIMARY,LITERATURE_SYNTHESIS,3.0,"[3, 4]",PRIMARY_REQUIRED,ANCHOR_DOWNGRADES_TO_MODEL_RATIONALE,MODEL_RATIONALE_AFTER_SOURCE_ABLATION,3.0,"[2, 3, 4]",Required external support fails; predeclared model-rationale fallback is used.
E011,P06:TPC_C_screening_relevance,6,TPC,TPC_C_screening_relevance,CORROBORATING,LITERATURE_SYNTHESIS,3.0,"[2, 3]",PRIMARY_PLUS_CORROBORATION,ANCHOR_DOWNGRADES_TO_MODEL_RATIONALE,MODEL_RATIONALE_AFTER_SOURCE_ABLATION,3.0,"[2, 3, 4]",Required external support fails; predeclared model-rationale fallback is used.
E011,P06:CSO_C_component_specificity,6,CSO,CSO_C_component_specificity,PRIMARY,LITERATURE_SYNTHESIS,4.0,"[3, 4]",PRIMARY_REQUIRED,ANCHOR_DOWNGRADES_TO_MODEL_RATIONALE,MODEL_RATIONALE_AFTER_SOURCE_ABLATION,4.0,"[3, 4]",Required external support fails; predeclared model-rationale fallback is used.
E011,P09:WRO_A_product_reuse,9,WRO,WRO_A_product_reuse,PRIMARY,LITERATURE_SYNTHESIS,3.0,"[2, 3]",PRIMARY_REQUIRED,ANCHOR_BECOMES_UNSUPPORTED,UNSUPPORTED_AFTER_SOURCE_ABLATION,,[],Required external support fails and no predeclared rationale fallback is permitted.
E012,P01:RRP_A_resource_relevance,1,RRP,RRP_A_resource_relevance,CORROBORATING,DIRECT_LITERATURE,4.0,"[3, 4]",PRIMARY_REQUIRED,ANCHOR_SURVIVES_UNCHANGED,LITERATURE_REMAINING_AFTER_ABLATION,4.0,"[3, 4]",CORROBORATING source removed; remaining manually reviewed support is sufficient.
E012,P01:RRP_B_recovery_maturity,1,RRP,RRP_B_recovery_maturity,PRIMARY,LITERATURE_SYNTHESIS,4.0,"[3, 4]",ALL,ANCHOR_DOWNGRADES_TO_MODEL_RATIONALE,MODEL_RATIONALE_AFTER_SOURCE_ABLATION,4.0,"[3, 4]",Required external support fails; predeclared model-rationale fallback is used.
E012,P01:RRP_C_feed_specificity,1,RRP,RRP_C_feed_specificity,PRIMARY,LITERATURE_SYNTHESIS,3.0,"[2, 3, 4]",ALL,ANCHOR_DOWNGRADES_TO_MODEL_RATIONALE,MODEL_RATIONALE_AFTER_SOURCE_ABLATION,3.0,"[2, 3, 4]",Required external support fails; predeclared model-rationale fallback is used.
E012,P01:WRO_A_product_reuse,1,WRO,WRO_A_product_reuse,PRIMARY,DIRECT_LITERATURE,4.0,"[3, 4]",PRIMARY_REQUIRED,ANCHOR_BECOMES_UNSUPPORTED,UNSUPPORTED_AFTER_SOURCE_ABLATION,,[],Required external support fails and no predeclared rationale fallback is permitted.
E012,P01:CSO_A_component_salvage,1,CSO,CSO_A_component_salvage,PRIMARY,LITERATURE_SYNTHESIS,3.0,"[2, 3, 4]",PRIMARY_REQUIRED,ANCHOR_DOWNGRADES_TO_MODEL_RATIONALE,MODEL_RATIONALE_AFTER_SOURCE_ABLATION,3.0,"[2, 3, 4]",Required external support fails; predeclared model-rationale fallback is used.
E012,P01:TPC_A_specialist_requirement,1,TPC,TPC_A_specialist_requirement,PRIMARY,LITERATURE_SYNTHESIS,3.0,"[2, 3]",PRIMARY_REQUIRED,ANCHOR_DOWNGRADES_TO_MODEL_RATIONALE,MODEL_RATIONALE_AFTER_SOURCE_ABLATION,3.0,"[2, 3, 4]",Required external support fails; predeclared model-rationale fallback is used.
E012,P01:TPC_C_screening_relevance,1,TPC,TPC_C_screening_relevance,CORROBORATING,LITERATURE_SYNTHESIS,3.0,"[2, 3]",PRIMARY_PLUS_CORROBORATION,ANCHOR_DOWNGRADES_TO_MODEL_RATIONALE,MODEL_RATIONALE_AFTER_SOURCE_ABLATION,3.0,"[2, 3, 4]",Required external support fails; predeclared model-rationale fallback is used.
E012,P01:CSO_C_component_specificity,1,CSO,CSO_C_component_specificity,PRIMARY,LITERATURE_SYNTHESIS,3.0,"[2, 3, 4]",PRIMARY_REQUIRED,ANCHOR_DOWNGRADES_TO_MODEL_RATIONALE,MODEL_RATIONALE_AFTER_SOURCE_ABLATION,3.0,"[2, 3, 4]",Required external support fails; predeclared model-rationale fallback is used.
E013,P10:RRP_B_recovery_maturity,10,RRP,RRP_B_recovery_maturity,PRIMARY,LITERATURE_SYNTHESIS,4.0,"[3, 4]",PRIMARY_REQUIRED,ANCHOR_DOWNGRADES_TO_MODEL_RATIONALE,MODEL_RATIONALE_AFTER_SOURCE_ABLATION,4.0,"[3, 4]",Required external support fails; predeclared model-rationale fallback is used.
E013,P10:TPC_A_specialist_requirement,10,TPC,TPC_A_specialist_requirement,PRIMARY,LITERATURE_SYNTHESIS,4.0,[4],PRIMARY_REQUIRED,ANCHOR_DOWNGRADES_TO_MODEL_RATIONALE,MODEL_RATIONALE_AFTER_SOURCE_ABLATION,4.0,"[3, 4]",Required external support fails; predeclared model-rationale fallback is used.
E013,P10:TPC_B_separation_complexity,10,TPC,TPC_B_separation_complexity,PRIMARY,LITERATURE_SYNTHESIS,3.0,"[2, 3, 4]",PRIMARY_REQUIRED,ANCHOR_DOWNGRADES_TO_MODEL_RATIONALE,MODEL_RATIONALE_AFTER_SOURCE_ABLATION,3.0,"[2, 3, 4]",Required external support fails; predeclared model-rationale fallback is used.
E013,P10:TPC_C_screening_relevance,10,TPC,TPC_C_screening_relevance,PRIMARY,LITERATURE_SYNTHESIS,4.0,"[3, 4]",PRIMARY_REQUIRED,ANCHOR_DOWNGRADES_TO_MODEL_RATIONALE,MODEL_RATIONALE_AFTER_SOURCE_ABLATION,4.0,"[3, 4]",Required external support fails; predeclared model-rationale fallback is used.
