rule_id,scope,parent_id,factor_id,activation_state,target_kind,target_id,action,central_policy,redundancy_group,anchor_origin,rationale,scenario_actions
G11_CLUTTER_SORT,global,,11,STRONG_HIGH,route,sorting_dismantling,UP_1,CENTRAL,global_clutter,FROZEN_SEMANTIC,Multi-object clutter raises sorting relevance.,"[""UP_1""]"
P02F1_DIRTY_FEED,family,2.0,1,STRONG_HIGH,criterion,RRP_C_feed_specificity,DOWN_1,SENSITIVITY_ONLY,pcb_presentation,FROZEN_SEMANTIC,Installed/handled/dirty PCB presentation may lower feed specificity.,"[""NO_CHANGE"", ""DOWN_1""]"
P02F1_DIRTY_SORT,family,2.0,1,STRONG_HIGH,route,sorting_dismantling,UP_1,SENSITIVITY_ONLY,pcb_presentation,MODEL_RATIONALE,Dirty/installed presentation may raise sorting relevance.,"[""NO_CHANGE"", ""UP_1""]"
P06F0_COHERENT_WRO,family,6.0,0,STRONG_HIGH,criterion,WRO_B_visual_integrity,SET_3,CENTRAL_WITH_NO_EFFECT_SENSITIVITY,laptop_integrity,FROZEN_SEMANTIC,Strong coherent-laptop side provides parent-specific integrity evidence.,"[""NO_CHANGE"", ""SET_2"", ""SET_3""]"
P06F0_DISMANTLED_WRO,family,6.0,0,STRONG_LOW,criterion,WRO_B_visual_integrity,SET_2,CENTRAL_WITH_NO_EFFECT_SENSITIVITY,laptop_integrity,FROZEN_SEMANTIC,Strong dismantled/bulk side lowers integrity opportunity but remains presentation-sensitive.,"[""NO_CHANGE"", ""SET_1"", ""SET_2""]"
P06F0_DISMANTLED_CSO,family,6.0,0,STRONG_LOW,criterion,CSO_B_accessibility_dismantling,SET_3,CENTRAL_WITH_NO_EFFECT_SENSITIVITY,laptop_integrity,MODEL_RATIONALE,Dismantled side modestly increases component accessibility.,"[""NO_CHANGE"", ""SET_3""]"
P06F0_COHERENT_REUSE,family,6.0,0,STRONG_HIGH,route,reuse_refurbish,UP_1,CENTRAL_WITH_NO_EFFECT_SENSITIVITY,laptop_integrity,MODEL_RATIONALE,Coherent laptop presentation modestly raises reuse compatibility.,"[""NO_CHANGE"", ""UP_1""]"
P06F0_DISMANTLED_PARTS,family,6.0,0,STRONG_LOW,route,parts_harvest,UP_1,CENTRAL_WITH_NO_EFFECT_SENSITIVITY,laptop_integrity,MODEL_RATIONALE,Dismantled side modestly raises parts compatibility.,"[""NO_CHANGE"", ""UP_1""]"
P06F2_OPEN_CSO,family,6.0,2,STRONG_HIGH,criterion,CSO_B_accessibility_dismantling,SET_3,SENSITIVITY_ONLY,laptop_configuration,MODEL_RATIONALE,Open/display-forward factor may increase access/salvage opportunity.,"[""NO_CHANGE"", ""SET_3""]"
P08F0_DENSE_SORT,family,8.0,0,STRONG_LOW,route,sorting_dismantling,UP_1,CENTRAL,scene_density,FROZEN_SEMANTIC,Dense mixed heap raises sorting relevance.,"[""UP_1""]"
P08F4_SORTED_SORT,family,8.0,4,STRONG_HIGH,route,sorting_dismantling,DOWN_1,SENSITIVITY_ONLY,scene_sortedness,FROZEN_SEMANTIC,More organized accumulation may reduce sorting burden.,"[""NO_CHANGE"", ""DOWN_1""]"
P14F1_CONSOLE_TPC,family,14.0,1,STRONG_HIGH,criterion,TPC_B_separation_complexity,UP_1,SENSITIVITY_ONLY,turntable_form,MODEL_RATIONALE,Integrated/cabinet styling may raise disassembly complexity.,"[""NO_CHANGE"", ""UP_1""]"
P14F1_CONSOLE_PARTS,family,14.0,1,STRONG_HIGH,route,parts_harvest,UP_1,SENSITIVITY_ONLY,turntable_form,MODEL_RATIONALE,Integrated form may raise parts-harvest compatibility.,"[""NO_CHANGE"", ""UP_1""]"
