source_id,organization,title,source_type,publication_date,retrieval_date,url,jurisdiction,product_scope,system_boundary,exact_locator,claim_supported,publisher_hash,verification_status,effective_date,consolidation_date,date_note
E001,UNITAR SCYCLE,"E-waste Statistics: Guidelines on Classifications, Reporting and Indicators, Third Edition",official statistical guideline,2026-02-12,2026-09-26,https://doi.org/10.5281/zenodo.18328494,international,UNU-KEY v2 product descriptions; average weights; EU6-PV material composition,statistical/product and broad waste-stream reference,Zenodo record; UNU-KEY v2 descriptions; Annex 6 average weights; Annex 7 material composition; Tables 26–27,Product taxonomy and broad/product material context; not an item assay.,PDF md5 dd4ee48bc89062aa36d73bc76c3789f1; Annex 7 md5 4b1ba83522320ade0013aa1237e7ba29,VERIFIED_PRIMARY_CURRENT,,,
E002,European Union,"Directive 2012/19/EU on WEEE, consolidated 8 April 2024",legislation,2012-07-24,2026-09-26,https://eur-lex.europa.eu/legal-content/EN/TXT/?uri=CELEX:02012L0019-20240408,EU,EEE/WEEE generally,"reuse, collection, dismantling, recovery and treatment context",Article 4; Article 6(2); Article 15(1); Annexes III–IV,"EEE design/management should facilitate reuse, dismantling and recovery; collected WEEE should support preparation for reuse and appropriate treatment.",,VERIFIED_PRIMARY_CURRENT,,2024-04-08,Original Directive published in OJ L 197 on 24 July 2012; 8 April 2024 is the consolidated-version date.
E003,Basel Convention Secretariat,E-waste Amendments FAQs,international treaty implementation guidance,,2026-09-26,https://www.basel.int/Implementation/Ewaste/EwasteAmendments/EwasteAmendmentsFAQs/tabid/10107/Default.aspx,Basel Convention,"e-waste, components and processing residues",transboundary control and hazardous/special-consideration screening,"Questions 1–4, 8, 10–13",A1181/Y49 cover e-waste/components; PIC applies to covered transboundary movements; classification depends on actual waste facts.,,VERIFIED_PRIMARY_CURRENT,2025-01-01,,The FAQ page does not expose a verified publication date. 1 January 2025 is the entry-into-force date of the Basel e-waste amendments.
E004,Government of Indonesia / JDIH BPK,Permen LHK No. 9 Tahun 2024,regulation,2024-07-01,2026-09-26,https://peraturan.bpk.go.id/Details/291985/permen-lhk-no-9-tahun-2024,Indonesia,unused electronic goods within B3-containing specific-waste framework,domestic waste-management screening,Official abstract; Pasal 3 scope provisions; effective 1 July 2024,Unused electronic goods can fall within the regulated specific-waste framework; business/activity residues are a distinct branch.,,VERIFIED_PRIMARY_CURRENT,2024-07-01,,"Official JDIH metadata records establishment, promulgation and entry into force on 1 July 2024."
E005,Umicore,E-scrap recycling,first-party industrial process documentation,,2026-09-26,https://www.umicore.com/en/markets-products/recycling-solutions/precious-metals/e-scrap,industrial/global,"PCBs, phones/small IT, CPUs/ICs, laptops, PCB-bearing shredded fractions",specialist precious-metal-bearing e-scrap feed acceptance and recovery,E-scrap page; “What can Umicore recycle?” feed list and sampling/assay description,Specialist e-scrap recovery pathway exists for multiple electronics-rich feeds; feed quality/assay matters.,,VERIFIED_FIRST_PARTY_CURRENT,,,
E006,Umicore,Battery Recycling Solutions / Pyro-hydro technology,first-party industrial process documentation,,2026-09-26,https://www.umicore.com/en/about/battery-materials-solutions/battery-recycling-solutions/start/,industrial/global,lithium-ion batteries and production scrap,specialist battery recycling,“Closing the loop” and “Pyro-hydro technology” sections,Mature specialist battery recovery exists for Li-ion feeds; does not justify chemistry inference from morphology.,,VERIFIED_FIRST_PARTY_CURRENT,,,
E007,UNEP / International Resource Panel,"Metal Recycling: Opportunities, Limits, Infrastructure",intergovernmental technical report,2013,2026-09-26,https://wedocs.unep.org/handle/20.500.11822/8423,international,complex products and product-centric metal recycling; washing-machine example,product-centric recycling and material complexity,"Product-centric discussion; Section 9.5; Table 39, printed p.223",Complex products contain multiple recoverable material classes; historical washing-machine material context supports appliance resource relevance with transfer risk.,,VERIFIED_PRIMARY_METADATA_HISTORICAL,,,
E008,U.S. EPA,Cathode Ray Tubes (CRTs),government technical/management guidance,,2026-09-26,https://www.epa.gov/hw/cathode-ray-tubes-crts,United States,CRT televisions and monitors,CRT reuse/recycling and lead-glass management,“Cathode Ray Tubes (CRTs)” and “Regulation of Cathode Ray Tubes” sections,CRT repair/reuse/recycling pathways exist; lead-containing funnel glass creates specialist controlled-management relevance.,,VERIFIED_GOVERNMENT_CURRENT,,,
E009,Journal of Material Cycles and Waste Management,"Discarded e-waste/printed circuit boards: a review of their recent methods of disassembly, sorting and environmental implications",peer-reviewed review,2024-03-02,2026-09-26,https://doi.org/10.1007/s10163-024-01917-7,research literature,discarded printed circuit boards,"PCB composition, disassembly, component sorting and environmental implications",Abstract; sections on disassembly and “Sorting of electronic components”,PCBs are heterogeneous metal/non-metal feeds with precious metals; disassembly/sorting and environmentally sound handling are important; component reuse can follow sorting.,,VERIFIED_PEER_REVIEWED,,,
E010,RSC Sustainability,Recovery of metals and valuable chemicals from waste electric and electronic materials: a critical review of existing technologies,peer-reviewed review,2023,2026-09-26,https://doi.org/10.1039/D3SU00034F,research literature,WEEE material recovery,mechanical pretreatment and pyro/hydro/bio-metallurgical recovery,Abstract; Sections 3–4; Conclusions,WEEE is heterogeneous; appropriate recovery uses multiple separation/recovery technologies; pretreatment is important; reuse/recycle/reduce hierarchy is discussed.,,VERIFIED_PEER_REVIEWED,,,
E011,Basel Convention / PACE,"Guideline on environmentally sound testing, refurbishment and repair of used computing equipment",international technical guidance,2013,2026-09-26,https://www.basel.int/Portals/4/download.aspx?d=UNEP-CHW-PART-GUID-PACE-1-Refurbishment-ComputingEquipment.English.pdf,international guidance,"PCs, laptops, monitors, printers, keyboards, mice and peripherals","testing, refurbishment and repair",UNEP/CHW.11/INF/12/Rev.1; introductory scope and refurbishment/repair process guidance,Computing equipment and peripherals have defined testing/refurbishment/repair pathways; actual functionality still requires testing.,,VERIFIED_BASEL_PACE_GUIDANCE,,,COP11/PACE guidance document; exact public posting day is not used as a model input.
E012,Basel Convention / Mobile Phone Partnership Initiative,Guidance document on environmentally sound management of used and end-of-life mobile phones,international technical guidance,2011,2026-09-26,https://www.basel.int/Portals/4/download.aspx?d=UNEP-CHW.10-INF-27-Rev.1.English.pdf,international guidance,used and end-of-life mobile phones,"collection, refurbishment, material recovery and recycling","UNEP/CHW.10/INF/27/Rev.1, Introduction §§1–4 and guidance summaries",Mobile-phone reuse/refurbishment and material-recovery/recycling pathways are explicitly recognized.,,VERIFIED_BASEL_MPPI_GUIDANCE,,,
E013,European Union,Regulation (EU) 2023/1542 concerning batteries and waste batteries,legislation / technical recovery requirements,2023-07-28,2026-09-26,https://eur-lex.europa.eu/eli/reg/2023/1542/2023-07-28,EU,"waste lead-acid, lithium-based, nickel-cadmium and other batteries","waste-battery treatment, recycling efficiency and material-recovery requirements",Articles 70–71; Annex XII Parts A–C,"Waste batteries require dedicated treatment/recycling; the Regulation defines recycling-efficiency and material-recovery requirements across multiple battery categories. It is a regulatory benchmark, not evidence of image-visible chemistry or plant yield.",,VERIFIED_PRIMARY_CURRENT,,,
