parent_id,semantic_key,route_id,reference_level,allowed_levels,anchor_origin,source_ids,rationale,interpretation,claim_id,source_roles,support_logic,minimum_supporting_sources,primary_required_source_ids,corroborating_source_ids,context_only_source_ids,support_review_status,fallback_action,fallback_reference_level,fallback_allowed_levels,fallback_origin,primary_source_loss_effect,corroborating_source_loss_effect,support_review_note,support_policy_id
0,residual:mixed_electronics,reuse_refurbish,,[],UNSUPPORTED,[],No defensible route-specific item-level anchor.,"ordinal route compatibility; not probability, profitability or optimality",P00:ROUTE:reuse_refurbish,{},NONE_REQUIRED,0,[],[],[],NOT_EXTERNAL,KEEP_DECLARED_RATIONALE_OR_STATE,,[],UNSUPPORTED,UNCHANGED_IF_SUPPORT_REMAINS,UNCHANGED_IF_SUPPORT_REMAINS,Non-external route rubric row.,NON_EXTERNAL_ROUTE
0,residual:mixed_electronics,parts_harvest,,[],UNSUPPORTED,[],No defensible route-specific item-level anchor.,"ordinal route compatibility; not probability, profitability or optimality",P00:ROUTE:parts_harvest,{},NONE_REQUIRED,0,[],[],[],NOT_EXTERNAL,KEEP_DECLARED_RATIONALE_OR_STATE,,[],UNSUPPORTED,UNCHANGED_IF_SUPPORT_REMAINS,UNCHANGED_IF_SUPPORT_REMAINS,Non-external route rubric row.,NON_EXTERNAL_ROUTE
0,residual:mixed_electronics,bulk_material_recovery,,[],UNSUPPORTED,[],No defensible route-specific item-level anchor.,"ordinal route compatibility; not probability, profitability or optimality",P00:ROUTE:bulk_material_recovery,{},NONE_REQUIRED,0,[],[],[],NOT_EXTERNAL,KEEP_DECLARED_RATIONALE_OR_STATE,,[],UNSUPPORTED,UNCHANGED_IF_SUPPORT_REMAINS,UNCHANGED_IF_SUPPORT_REMAINS,Non-external route rubric row.,NON_EXTERNAL_ROUTE
0,residual:mixed_electronics,specialist_pcb,,[],UNSUPPORTED,[],No defensible route-specific item-level anchor.,"ordinal route compatibility; not probability, profitability or optimality",P00:ROUTE:specialist_pcb,{},NONE_REQUIRED,0,[],[],[],NOT_EXTERNAL,KEEP_DECLARED_RATIONALE_OR_STATE,,[],UNSUPPORTED,UNCHANGED_IF_SUPPORT_REMAINS,UNCHANGED_IF_SUPPORT_REMAINS,Non-external route rubric row.,NON_EXTERNAL_ROUTE
0,residual:mixed_electronics,battery_specialist,,[],UNSUPPORTED,[],No defensible route-specific item-level anchor.,"ordinal route compatibility; not probability, profitability or optimality",P00:ROUTE:battery_specialist,{},NONE_REQUIRED,0,[],[],[],NOT_EXTERNAL,KEEP_DECLARED_RATIONALE_OR_STATE,,[],UNSUPPORTED,UNCHANGED_IF_SUPPORT_REMAINS,UNCHANGED_IF_SUPPORT_REMAINS,Non-external route rubric row.,NON_EXTERNAL_ROUTE
0,residual:mixed_electronics,crt_specialist,,[],UNSUPPORTED,[],No defensible route-specific item-level anchor.,"ordinal route compatibility; not probability, profitability or optimality",P00:ROUTE:crt_specialist,{},NONE_REQUIRED,0,[],[],[],NOT_EXTERNAL,KEEP_DECLARED_RATIONALE_OR_STATE,,[],UNSUPPORTED,UNCHANGED_IF_SUPPORT_REMAINS,UNCHANGED_IF_SUPPORT_REMAINS,Non-external route rubric row.,NON_EXTERNAL_ROUTE
0,residual:mixed_electronics,sorting_dismantling,4.0,"[3, 4]",MODEL_RATIONALE,[],"Compatibility level is an explicit treatment-route model rationale, not a literature-derived probability.","ordinal route compatibility; not probability, profitability or optimality",P00:ROUTE:sorting_dismantling,{},NONE_REQUIRED,0,[],[],[],NOT_EXTERNAL,KEEP_DECLARED_RATIONALE_OR_STATE,,[],MODEL_RATIONALE,UNCHANGED_IF_SUPPORT_REMAINS,UNCHANGED_IF_SUPPORT_REMAINS,Non-external route rubric row.,NON_EXTERNAL_ROUTE
0,residual:mixed_electronics,residual_treatment,3.0,"[2, 3, 4]",MODEL_RATIONALE,[],"Compatibility level is an explicit treatment-route model rationale, not a literature-derived probability.","ordinal route compatibility; not probability, profitability or optimality",P00:ROUTE:residual_treatment,{},NONE_REQUIRED,0,[],[],[],NOT_EXTERNAL,KEEP_DECLARED_RATIONALE_OR_STATE,,[],MODEL_RATIONALE,UNCHANGED_IF_SUPPORT_REMAINS,UNCHANGED_IF_SUPPORT_REMAINS,Non-external route rubric row.,NON_EXTERNAL_ROUTE
1,device:smartphone,reuse_refurbish,4.0,"[3, 4]",LITERATURE_SYNTHESIS,"[""E002"", ""E012""]","Reuse/refurbishment pathway relevance is documented, but actual item functionality is unknown.","ordinal route compatibility; not probability, profitability or optimality",P01:ROUTE:reuse_refurbish,"{""E012"": ""PRIMARY"", ""E002"": ""CONTEXT_ONLY""}",PRIMARY_REQUIRED,1,"[""E012""]",[],"[""E002""]",MANUALLY_REVIEWED_2026-09-26,ANCHOR_DOWNGRADES_TO_MODEL_RATIONALE,3.0,"[2, 3, 4]",MODEL_RATIONALE_AFTER_SOURCE_ABLATION,UNCHANGED_IF_SUPPORT_REMAINS,UNCHANGED_IF_SUPPORT_REMAINS,Mobile-specific reuse/refurbishment guidance is primary; WEEE legislation is context only.,MANUAL:P01:ROUTE:reuse_refurbish
1,device:smartphone,parts_harvest,3.0,"[2, 3, 4]",MODEL_RATIONALE,[],"Compatibility level is an explicit treatment-route model rationale, not a literature-derived probability.","ordinal route compatibility; not probability, profitability or optimality",P01:ROUTE:parts_harvest,{},NONE_REQUIRED,0,[],[],[],NOT_EXTERNAL,KEEP_DECLARED_RATIONALE_OR_STATE,,[],MODEL_RATIONALE,UNCHANGED_IF_SUPPORT_REMAINS,UNCHANGED_IF_SUPPORT_REMAINS,Non-external route rubric row.,NON_EXTERNAL_ROUTE
1,device:smartphone,bulk_material_recovery,2.0,"[1, 2, 3]",MODEL_RATIONALE,[],"Compatibility level is an explicit treatment-route model rationale, not a literature-derived probability.","ordinal route compatibility; not probability, profitability or optimality",P01:ROUTE:bulk_material_recovery,{},NONE_REQUIRED,0,[],[],[],NOT_EXTERNAL,KEEP_DECLARED_RATIONALE_OR_STATE,,[],MODEL_RATIONALE,UNCHANGED_IF_SUPPORT_REMAINS,UNCHANGED_IF_SUPPORT_REMAINS,Non-external route rubric row.,NON_EXTERNAL_ROUTE
1,device:smartphone,specialist_pcb,1.0,"[1, 2]",MODEL_RATIONALE,[],"Compatibility level is an explicit treatment-route model rationale, not a literature-derived probability.","ordinal route compatibility; not probability, profitability or optimality",P01:ROUTE:specialist_pcb,{},NONE_REQUIRED,0,[],[],[],NOT_EXTERNAL,KEEP_DECLARED_RATIONALE_OR_STATE,,[],MODEL_RATIONALE,UNCHANGED_IF_SUPPORT_REMAINS,UNCHANGED_IF_SUPPORT_REMAINS,Non-external route rubric row.,NON_EXTERNAL_ROUTE
1,device:smartphone,battery_specialist,1.0,"[1, 2]",MODEL_RATIONALE,[],"Compatibility level is an explicit treatment-route model rationale, not a literature-derived probability.","ordinal route compatibility; not probability, profitability or optimality",P01:ROUTE:battery_specialist,{},NONE_REQUIRED,0,[],[],[],NOT_EXTERNAL,KEEP_DECLARED_RATIONALE_OR_STATE,,[],MODEL_RATIONALE,UNCHANGED_IF_SUPPORT_REMAINS,UNCHANGED_IF_SUPPORT_REMAINS,Non-external route rubric row.,NON_EXTERNAL_ROUTE
1,device:smartphone,crt_specialist,1.0,"[1, 2]",MODEL_RATIONALE,[],"Compatibility level is an explicit treatment-route model rationale, not a literature-derived probability.","ordinal route compatibility; not probability, profitability or optimality",P01:ROUTE:crt_specialist,{},NONE_REQUIRED,0,[],[],[],NOT_EXTERNAL,KEEP_DECLARED_RATIONALE_OR_STATE,,[],MODEL_RATIONALE,UNCHANGED_IF_SUPPORT_REMAINS,UNCHANGED_IF_SUPPORT_REMAINS,Non-external route rubric row.,NON_EXTERNAL_ROUTE
1,device:smartphone,sorting_dismantling,2.0,"[1, 2, 3]",MODEL_RATIONALE,[],"Compatibility level is an explicit treatment-route model rationale, not a literature-derived probability.","ordinal route compatibility; not probability, profitability or optimality",P01:ROUTE:sorting_dismantling,{},NONE_REQUIRED,0,[],[],[],NOT_EXTERNAL,KEEP_DECLARED_RATIONALE_OR_STATE,,[],MODEL_RATIONALE,UNCHANGED_IF_SUPPORT_REMAINS,UNCHANGED_IF_SUPPORT_REMAINS,Non-external route rubric row.,NON_EXTERNAL_ROUTE
1,device:smartphone,residual_treatment,1.0,"[1, 2]",MODEL_RATIONALE,[],"Compatibility level is an explicit treatment-route model rationale, not a literature-derived probability.","ordinal route compatibility; not probability, profitability or optimality",P01:ROUTE:residual_treatment,{},NONE_REQUIRED,0,[],[],[],NOT_EXTERNAL,KEEP_DECLARED_RATIONALE_OR_STATE,,[],MODEL_RATIONALE,UNCHANGED_IF_SUPPORT_REMAINS,UNCHANGED_IF_SUPPORT_REMAINS,Non-external route rubric row.,NON_EXTERNAL_ROUTE
2,component:electronic_board_or_component,reuse_refurbish,1.0,"[1, 2]",MODEL_RATIONALE,[],"Compatibility level is an explicit treatment-route model rationale, not a literature-derived probability.","ordinal route compatibility; not probability, profitability or optimality",P02:ROUTE:reuse_refurbish,{},NONE_REQUIRED,0,[],[],[],NOT_EXTERNAL,KEEP_DECLARED_RATIONALE_OR_STATE,,[],MODEL_RATIONALE,UNCHANGED_IF_SUPPORT_REMAINS,UNCHANGED_IF_SUPPORT_REMAINS,Non-external route rubric row.,NON_EXTERNAL_ROUTE
2,component:electronic_board_or_component,parts_harvest,2.0,"[1, 2, 3]",MODEL_RATIONALE,[],"Compatibility level is an explicit treatment-route model rationale, not a literature-derived probability.","ordinal route compatibility; not probability, profitability or optimality",P02:ROUTE:parts_harvest,{},NONE_REQUIRED,0,[],[],[],NOT_EXTERNAL,KEEP_DECLARED_RATIONALE_OR_STATE,,[],MODEL_RATIONALE,UNCHANGED_IF_SUPPORT_REMAINS,UNCHANGED_IF_SUPPORT_REMAINS,Non-external route rubric row.,NON_EXTERNAL_ROUTE
2,component:electronic_board_or_component,bulk_material_recovery,2.0,"[1, 2, 3]",MODEL_RATIONALE,[],"Compatibility level is an explicit treatment-route model rationale, not a literature-derived probability.","ordinal route compatibility; not probability, profitability or optimality",P02:ROUTE:bulk_material_recovery,{},NONE_REQUIRED,0,[],[],[],NOT_EXTERNAL,KEEP_DECLARED_RATIONALE_OR_STATE,,[],MODEL_RATIONALE,UNCHANGED_IF_SUPPORT_REMAINS,UNCHANGED_IF_SUPPORT_REMAINS,Non-external route rubric row.,NON_EXTERNAL_ROUTE
2,component:electronic_board_or_component,specialist_pcb,4.0,[4],DIRECT_LITERATURE,"[""E005"", ""E009""]",PCB/e-scrap specialist processing is directly documented.,"ordinal route compatibility; not probability, profitability or optimality",P02:ROUTE:specialist_pcb,"{""E005"": ""PRIMARY"", ""E009"": ""PRIMARY""}",ALL,2,"[""E005"", ""E009""]",[],[],MANUALLY_REVIEWED_2026-09-26,ANCHOR_DOWNGRADES_TO_MODEL_RATIONALE,3.0,"[2, 3, 4]",MODEL_RATIONALE_AFTER_SOURCE_ABLATION,UNCHANGED_IF_SUPPORT_REMAINS,UNCHANGED_IF_SUPPORT_REMAINS,Both PCB applicability and a specialist industrial e-scrap process are required for a literature-grounded Level-4 specialist route.,MANUAL:P02:ROUTE:specialist_pcb
2,component:electronic_board_or_component,battery_specialist,1.0,"[1, 2]",MODEL_RATIONALE,[],"Compatibility level is an explicit treatment-route model rationale, not a literature-derived probability.","ordinal route compatibility; not probability, profitability or optimality",P02:ROUTE:battery_specialist,{},NONE_REQUIRED,0,[],[],[],NOT_EXTERNAL,KEEP_DECLARED_RATIONALE_OR_STATE,,[],MODEL_RATIONALE,UNCHANGED_IF_SUPPORT_REMAINS,UNCHANGED_IF_SUPPORT_REMAINS,Non-external route rubric row.,NON_EXTERNAL_ROUTE
2,component:electronic_board_or_component,crt_specialist,1.0,"[1, 2]",MODEL_RATIONALE,[],"Compatibility level is an explicit treatment-route model rationale, not a literature-derived probability.","ordinal route compatibility; not probability, profitability or optimality",P02:ROUTE:crt_specialist,{},NONE_REQUIRED,0,[],[],[],NOT_EXTERNAL,KEEP_DECLARED_RATIONALE_OR_STATE,,[],MODEL_RATIONALE,UNCHANGED_IF_SUPPORT_REMAINS,UNCHANGED_IF_SUPPORT_REMAINS,Non-external route rubric row.,NON_EXTERNAL_ROUTE
2,component:electronic_board_or_component,sorting_dismantling,3.0,"[2, 3, 4]",MODEL_RATIONALE,[],"Compatibility level is an explicit treatment-route model rationale, not a literature-derived probability.","ordinal route compatibility; not probability, profitability or optimality",P02:ROUTE:sorting_dismantling,{},NONE_REQUIRED,0,[],[],[],NOT_EXTERNAL,KEEP_DECLARED_RATIONALE_OR_STATE,,[],MODEL_RATIONALE,UNCHANGED_IF_SUPPORT_REMAINS,UNCHANGED_IF_SUPPORT_REMAINS,Non-external route rubric row.,NON_EXTERNAL_ROUTE
2,component:electronic_board_or_component,residual_treatment,2.0,"[1, 2, 3]",MODEL_RATIONALE,[],"Compatibility level is an explicit treatment-route model rationale, not a literature-derived probability.","ordinal route compatibility; not probability, profitability or optimality",P02:ROUTE:residual_treatment,{},NONE_REQUIRED,0,[],[],[],NOT_EXTERNAL,KEEP_DECLARED_RATIONALE_OR_STATE,,[],MODEL_RATIONALE,UNCHANGED_IF_SUPPORT_REMAINS,UNCHANGED_IF_SUPPORT_REMAINS,Non-external route rubric row.,NON_EXTERNAL_ROUTE
3,device:computer_mouse,reuse_refurbish,3.0,"[2, 3]",LITERATURE_SYNTHESIS,"[""E002"", ""E011""]","Reuse/refurbishment pathway relevance is documented, but actual item functionality is unknown.","ordinal route compatibility; not probability, profitability or optimality",P03:ROUTE:reuse_refurbish,"{""E011"": ""PRIMARY"", ""E002"": ""CONTEXT_ONLY""}",PRIMARY_REQUIRED,1,"[""E011""]",[],"[""E002""]",MANUALLY_REVIEWED_2026-09-26,ANCHOR_DOWNGRADES_TO_MODEL_RATIONALE,2.0,"[1, 2, 3]",MODEL_RATIONALE_AFTER_SOURCE_ABLATION,UNCHANGED_IF_SUPPORT_REMAINS,UNCHANGED_IF_SUPPORT_REMAINS,PACE computing/peripheral refurbishment guidance is primary; WEEE legislation is context only.,MANUAL:P03:ROUTE:reuse_refurbish
3,device:computer_mouse,parts_harvest,2.0,"[1, 2, 3]",MODEL_RATIONALE,[],"Compatibility level is an explicit treatment-route model rationale, not a literature-derived probability.","ordinal route compatibility; not probability, profitability or optimality",P03:ROUTE:parts_harvest,{},NONE_REQUIRED,0,[],[],[],NOT_EXTERNAL,KEEP_DECLARED_RATIONALE_OR_STATE,,[],MODEL_RATIONALE,UNCHANGED_IF_SUPPORT_REMAINS,UNCHANGED_IF_SUPPORT_REMAINS,Non-external route rubric row.,NON_EXTERNAL_ROUTE
3,device:computer_mouse,bulk_material_recovery,2.0,"[1, 2, 3]",MODEL_RATIONALE,[],"Compatibility level is an explicit treatment-route model rationale, not a literature-derived probability.","ordinal route compatibility; not probability, profitability or optimality",P03:ROUTE:bulk_material_recovery,{},NONE_REQUIRED,0,[],[],[],NOT_EXTERNAL,KEEP_DECLARED_RATIONALE_OR_STATE,,[],MODEL_RATIONALE,UNCHANGED_IF_SUPPORT_REMAINS,UNCHANGED_IF_SUPPORT_REMAINS,Non-external route rubric row.,NON_EXTERNAL_ROUTE
3,device:computer_mouse,specialist_pcb,1.0,"[1, 2]",MODEL_RATIONALE,[],"Compatibility level is an explicit treatment-route model rationale, not a literature-derived probability.","ordinal route compatibility; not probability, profitability or optimality",P03:ROUTE:specialist_pcb,{},NONE_REQUIRED,0,[],[],[],NOT_EXTERNAL,KEEP_DECLARED_RATIONALE_OR_STATE,,[],MODEL_RATIONALE,UNCHANGED_IF_SUPPORT_REMAINS,UNCHANGED_IF_SUPPORT_REMAINS,Non-external route rubric row.,NON_EXTERNAL_ROUTE
3,device:computer_mouse,battery_specialist,1.0,"[1, 2]",MODEL_RATIONALE,[],"Compatibility level is an explicit treatment-route model rationale, not a literature-derived probability.","ordinal route compatibility; not probability, profitability or optimality",P03:ROUTE:battery_specialist,{},NONE_REQUIRED,0,[],[],[],NOT_EXTERNAL,KEEP_DECLARED_RATIONALE_OR_STATE,,[],MODEL_RATIONALE,UNCHANGED_IF_SUPPORT_REMAINS,UNCHANGED_IF_SUPPORT_REMAINS,Non-external route rubric row.,NON_EXTERNAL_ROUTE
3,device:computer_mouse,crt_specialist,1.0,"[1, 2]",MODEL_RATIONALE,[],"Compatibility level is an explicit treatment-route model rationale, not a literature-derived probability.","ordinal route compatibility; not probability, profitability or optimality",P03:ROUTE:crt_specialist,{},NONE_REQUIRED,0,[],[],[],NOT_EXTERNAL,KEEP_DECLARED_RATIONALE_OR_STATE,,[],MODEL_RATIONALE,UNCHANGED_IF_SUPPORT_REMAINS,UNCHANGED_IF_SUPPORT_REMAINS,Non-external route rubric row.,NON_EXTERNAL_ROUTE
3,device:computer_mouse,sorting_dismantling,2.0,"[1, 2, 3]",MODEL_RATIONALE,[],"Compatibility level is an explicit treatment-route model rationale, not a literature-derived probability.","ordinal route compatibility; not probability, profitability or optimality",P03:ROUTE:sorting_dismantling,{},NONE_REQUIRED,0,[],[],[],NOT_EXTERNAL,KEEP_DECLARED_RATIONALE_OR_STATE,,[],MODEL_RATIONALE,UNCHANGED_IF_SUPPORT_REMAINS,UNCHANGED_IF_SUPPORT_REMAINS,Non-external route rubric row.,NON_EXTERNAL_ROUTE
3,device:computer_mouse,residual_treatment,1.0,"[1, 2]",MODEL_RATIONALE,[],"Compatibility level is an explicit treatment-route model rationale, not a literature-derived probability.","ordinal route compatibility; not probability, profitability or optimality",P03:ROUTE:residual_treatment,{},NONE_REQUIRED,0,[],[],[],NOT_EXTERNAL,KEEP_DECLARED_RATIONALE_OR_STATE,,[],MODEL_RATIONALE,UNCHANGED_IF_SUPPORT_REMAINS,UNCHANGED_IF_SUPPORT_REMAINS,Non-external route rubric row.,NON_EXTERNAL_ROUTE
4,device:printer,reuse_refurbish,3.0,"[2, 3]",LITERATURE_SYNTHESIS,"[""E002"", ""E011""]","Reuse/refurbishment pathway relevance is documented, but actual item functionality is unknown.","ordinal route compatibility; not probability, profitability or optimality",P04:ROUTE:reuse_refurbish,"{""E011"": ""PRIMARY"", ""E002"": ""CONTEXT_ONLY""}",PRIMARY_REQUIRED,1,"[""E011""]",[],"[""E002""]",MANUALLY_REVIEWED_2026-09-26,ANCHOR_DOWNGRADES_TO_MODEL_RATIONALE,2.0,"[1, 2, 3]",MODEL_RATIONALE_AFTER_SOURCE_ABLATION,UNCHANGED_IF_SUPPORT_REMAINS,UNCHANGED_IF_SUPPORT_REMAINS,PACE computing/peripheral refurbishment guidance is primary; WEEE legislation is context only.,MANUAL:P04:ROUTE:reuse_refurbish
4,device:printer,parts_harvest,3.0,"[2, 3, 4]",MODEL_RATIONALE,[],"Compatibility level is an explicit treatment-route model rationale, not a literature-derived probability.","ordinal route compatibility; not probability, profitability or optimality",P04:ROUTE:parts_harvest,{},NONE_REQUIRED,0,[],[],[],NOT_EXTERNAL,KEEP_DECLARED_RATIONALE_OR_STATE,,[],MODEL_RATIONALE,UNCHANGED_IF_SUPPORT_REMAINS,UNCHANGED_IF_SUPPORT_REMAINS,Non-external route rubric row.,NON_EXTERNAL_ROUTE
4,device:printer,bulk_material_recovery,3.0,"[2, 3, 4]",MODEL_RATIONALE,[],"Compatibility level is an explicit treatment-route model rationale, not a literature-derived probability.","ordinal route compatibility; not probability, profitability or optimality",P04:ROUTE:bulk_material_recovery,{},NONE_REQUIRED,0,[],[],[],NOT_EXTERNAL,KEEP_DECLARED_RATIONALE_OR_STATE,,[],MODEL_RATIONALE,UNCHANGED_IF_SUPPORT_REMAINS,UNCHANGED_IF_SUPPORT_REMAINS,Non-external route rubric row.,NON_EXTERNAL_ROUTE
4,device:printer,specialist_pcb,1.0,"[1, 2]",MODEL_RATIONALE,[],"Compatibility level is an explicit treatment-route model rationale, not a literature-derived probability.","ordinal route compatibility; not probability, profitability or optimality",P04:ROUTE:specialist_pcb,{},NONE_REQUIRED,0,[],[],[],NOT_EXTERNAL,KEEP_DECLARED_RATIONALE_OR_STATE,,[],MODEL_RATIONALE,UNCHANGED_IF_SUPPORT_REMAINS,UNCHANGED_IF_SUPPORT_REMAINS,Non-external route rubric row.,NON_EXTERNAL_ROUTE
4,device:printer,battery_specialist,1.0,"[1, 2]",MODEL_RATIONALE,[],"Compatibility level is an explicit treatment-route model rationale, not a literature-derived probability.","ordinal route compatibility; not probability, profitability or optimality",P04:ROUTE:battery_specialist,{},NONE_REQUIRED,0,[],[],[],NOT_EXTERNAL,KEEP_DECLARED_RATIONALE_OR_STATE,,[],MODEL_RATIONALE,UNCHANGED_IF_SUPPORT_REMAINS,UNCHANGED_IF_SUPPORT_REMAINS,Non-external route rubric row.,NON_EXTERNAL_ROUTE
4,device:printer,crt_specialist,1.0,"[1, 2]",MODEL_RATIONALE,[],"Compatibility level is an explicit treatment-route model rationale, not a literature-derived probability.","ordinal route compatibility; not probability, profitability or optimality",P04:ROUTE:crt_specialist,{},NONE_REQUIRED,0,[],[],[],NOT_EXTERNAL,KEEP_DECLARED_RATIONALE_OR_STATE,,[],MODEL_RATIONALE,UNCHANGED_IF_SUPPORT_REMAINS,UNCHANGED_IF_SUPPORT_REMAINS,Non-external route rubric row.,NON_EXTERNAL_ROUTE
4,device:printer,sorting_dismantling,2.0,"[1, 2, 3]",MODEL_RATIONALE,[],"Compatibility level is an explicit treatment-route model rationale, not a literature-derived probability.","ordinal route compatibility; not probability, profitability or optimality",P04:ROUTE:sorting_dismantling,{},NONE_REQUIRED,0,[],[],[],NOT_EXTERNAL,KEEP_DECLARED_RATIONALE_OR_STATE,,[],MODEL_RATIONALE,UNCHANGED_IF_SUPPORT_REMAINS,UNCHANGED_IF_SUPPORT_REMAINS,Non-external route rubric row.,NON_EXTERNAL_ROUTE
4,device:printer,residual_treatment,1.0,"[1, 2]",MODEL_RATIONALE,[],"Compatibility level is an explicit treatment-route model rationale, not a literature-derived probability.","ordinal route compatibility; not probability, profitability or optimality",P04:ROUTE:residual_treatment,{},NONE_REQUIRED,0,[],[],[],NOT_EXTERNAL,KEEP_DECLARED_RATIONALE_OR_STATE,,[],MODEL_RATIONALE,UNCHANGED_IF_SUPPORT_REMAINS,UNCHANGED_IF_SUPPORT_REMAINS,Non-external route rubric row.,NON_EXTERNAL_ROUTE
5,device:computer_keyboard,reuse_refurbish,3.0,"[2, 3]",LITERATURE_SYNTHESIS,"[""E002"", ""E011""]","Reuse/refurbishment pathway relevance is documented, but actual item functionality is unknown.","ordinal route compatibility; not probability, profitability or optimality",P05:ROUTE:reuse_refurbish,"{""E011"": ""PRIMARY"", ""E002"": ""CONTEXT_ONLY""}",PRIMARY_REQUIRED,1,"[""E011""]",[],"[""E002""]",MANUALLY_REVIEWED_2026-09-26,ANCHOR_DOWNGRADES_TO_MODEL_RATIONALE,2.0,"[1, 2, 3]",MODEL_RATIONALE_AFTER_SOURCE_ABLATION,UNCHANGED_IF_SUPPORT_REMAINS,UNCHANGED_IF_SUPPORT_REMAINS,PACE computing/peripheral refurbishment guidance is primary; WEEE legislation is context only.,MANUAL:P05:ROUTE:reuse_refurbish
5,device:computer_keyboard,parts_harvest,2.0,"[1, 2, 3]",MODEL_RATIONALE,[],"Compatibility level is an explicit treatment-route model rationale, not a literature-derived probability.","ordinal route compatibility; not probability, profitability or optimality",P05:ROUTE:parts_harvest,{},NONE_REQUIRED,0,[],[],[],NOT_EXTERNAL,KEEP_DECLARED_RATIONALE_OR_STATE,,[],MODEL_RATIONALE,UNCHANGED_IF_SUPPORT_REMAINS,UNCHANGED_IF_SUPPORT_REMAINS,Non-external route rubric row.,NON_EXTERNAL_ROUTE
5,device:computer_keyboard,bulk_material_recovery,2.0,"[1, 2, 3]",MODEL_RATIONALE,[],"Compatibility level is an explicit treatment-route model rationale, not a literature-derived probability.","ordinal route compatibility; not probability, profitability or optimality",P05:ROUTE:bulk_material_recovery,{},NONE_REQUIRED,0,[],[],[],NOT_EXTERNAL,KEEP_DECLARED_RATIONALE_OR_STATE,,[],MODEL_RATIONALE,UNCHANGED_IF_SUPPORT_REMAINS,UNCHANGED_IF_SUPPORT_REMAINS,Non-external route rubric row.,NON_EXTERNAL_ROUTE
5,device:computer_keyboard,specialist_pcb,1.0,"[1, 2]",MODEL_RATIONALE,[],"Compatibility level is an explicit treatment-route model rationale, not a literature-derived probability.","ordinal route compatibility; not probability, profitability or optimality",P05:ROUTE:specialist_pcb,{},NONE_REQUIRED,0,[],[],[],NOT_EXTERNAL,KEEP_DECLARED_RATIONALE_OR_STATE,,[],MODEL_RATIONALE,UNCHANGED_IF_SUPPORT_REMAINS,UNCHANGED_IF_SUPPORT_REMAINS,Non-external route rubric row.,NON_EXTERNAL_ROUTE
5,device:computer_keyboard,battery_specialist,1.0,"[1, 2]",MODEL_RATIONALE,[],"Compatibility level is an explicit treatment-route model rationale, not a literature-derived probability.","ordinal route compatibility; not probability, profitability or optimality",P05:ROUTE:battery_specialist,{},NONE_REQUIRED,0,[],[],[],NOT_EXTERNAL,KEEP_DECLARED_RATIONALE_OR_STATE,,[],MODEL_RATIONALE,UNCHANGED_IF_SUPPORT_REMAINS,UNCHANGED_IF_SUPPORT_REMAINS,Non-external route rubric row.,NON_EXTERNAL_ROUTE
5,device:computer_keyboard,crt_specialist,1.0,"[1, 2]",MODEL_RATIONALE,[],"Compatibility level is an explicit treatment-route model rationale, not a literature-derived probability.","ordinal route compatibility; not probability, profitability or optimality",P05:ROUTE:crt_specialist,{},NONE_REQUIRED,0,[],[],[],NOT_EXTERNAL,KEEP_DECLARED_RATIONALE_OR_STATE,,[],MODEL_RATIONALE,UNCHANGED_IF_SUPPORT_REMAINS,UNCHANGED_IF_SUPPORT_REMAINS,Non-external route rubric row.,NON_EXTERNAL_ROUTE
5,device:computer_keyboard,sorting_dismantling,2.0,"[1, 2, 3]",MODEL_RATIONALE,[],"Compatibility level is an explicit treatment-route model rationale, not a literature-derived probability.","ordinal route compatibility; not probability, profitability or optimality",P05:ROUTE:sorting_dismantling,{},NONE_REQUIRED,0,[],[],[],NOT_EXTERNAL,KEEP_DECLARED_RATIONALE_OR_STATE,,[],MODEL_RATIONALE,UNCHANGED_IF_SUPPORT_REMAINS,UNCHANGED_IF_SUPPORT_REMAINS,Non-external route rubric row.,NON_EXTERNAL_ROUTE
5,device:computer_keyboard,residual_treatment,1.0,"[1, 2]",MODEL_RATIONALE,[],"Compatibility level is an explicit treatment-route model rationale, not a literature-derived probability.","ordinal route compatibility; not probability, profitability or optimality",P05:ROUTE:residual_treatment,{},NONE_REQUIRED,0,[],[],[],NOT_EXTERNAL,KEEP_DECLARED_RATIONALE_OR_STATE,,[],MODEL_RATIONALE,UNCHANGED_IF_SUPPORT_REMAINS,UNCHANGED_IF_SUPPORT_REMAINS,Non-external route rubric row.,NON_EXTERNAL_ROUTE
6,device:laptop,reuse_refurbish,4.0,"[3, 4]",LITERATURE_SYNTHESIS,"[""E002"", ""E011""]","Reuse/refurbishment pathway relevance is documented, but actual item functionality is unknown.","ordinal route compatibility; not probability, profitability or optimality",P06:ROUTE:reuse_refurbish,"{""E011"": ""PRIMARY"", ""E002"": ""CONTEXT_ONLY""}",PRIMARY_REQUIRED,1,"[""E011""]",[],"[""E002""]",MANUALLY_REVIEWED_2026-09-26,ANCHOR_DOWNGRADES_TO_MODEL_RATIONALE,3.0,"[2, 3, 4]",MODEL_RATIONALE_AFTER_SOURCE_ABLATION,UNCHANGED_IF_SUPPORT_REMAINS,UNCHANGED_IF_SUPPORT_REMAINS,PACE computing/peripheral refurbishment guidance is primary; WEEE legislation is context only.,MANUAL:P06:ROUTE:reuse_refurbish
6,device:laptop,parts_harvest,4.0,"[3, 4]",MODEL_RATIONALE,[],"Compatibility level is an explicit treatment-route model rationale, not a literature-derived probability.","ordinal route compatibility; not probability, profitability or optimality",P06:ROUTE:parts_harvest,{},NONE_REQUIRED,0,[],[],[],NOT_EXTERNAL,KEEP_DECLARED_RATIONALE_OR_STATE,,[],MODEL_RATIONALE,UNCHANGED_IF_SUPPORT_REMAINS,UNCHANGED_IF_SUPPORT_REMAINS,Non-external route rubric row.,NON_EXTERNAL_ROUTE
6,device:laptop,bulk_material_recovery,2.0,"[1, 2, 3]",MODEL_RATIONALE,[],"Compatibility level is an explicit treatment-route model rationale, not a literature-derived probability.","ordinal route compatibility; not probability, profitability or optimality",P06:ROUTE:bulk_material_recovery,{},NONE_REQUIRED,0,[],[],[],NOT_EXTERNAL,KEEP_DECLARED_RATIONALE_OR_STATE,,[],MODEL_RATIONALE,UNCHANGED_IF_SUPPORT_REMAINS,UNCHANGED_IF_SUPPORT_REMAINS,Non-external route rubric row.,NON_EXTERNAL_ROUTE
6,device:laptop,specialist_pcb,3.0,"[2, 3, 4]",MODEL_RATIONALE,[],"Compatibility level is an explicit treatment-route model rationale, not a literature-derived probability.","ordinal route compatibility; not probability, profitability or optimality",P06:ROUTE:specialist_pcb,{},NONE_REQUIRED,0,[],[],[],NOT_EXTERNAL,KEEP_DECLARED_RATIONALE_OR_STATE,,[],MODEL_RATIONALE,UNCHANGED_IF_SUPPORT_REMAINS,UNCHANGED_IF_SUPPORT_REMAINS,Non-external route rubric row.,NON_EXTERNAL_ROUTE
6,device:laptop,battery_specialist,1.0,"[1, 2]",MODEL_RATIONALE,[],"Compatibility level is an explicit treatment-route model rationale, not a literature-derived probability.","ordinal route compatibility; not probability, profitability or optimality",P06:ROUTE:battery_specialist,{},NONE_REQUIRED,0,[],[],[],NOT_EXTERNAL,KEEP_DECLARED_RATIONALE_OR_STATE,,[],MODEL_RATIONALE,UNCHANGED_IF_SUPPORT_REMAINS,UNCHANGED_IF_SUPPORT_REMAINS,Non-external route rubric row.,NON_EXTERNAL_ROUTE
6,device:laptop,crt_specialist,1.0,"[1, 2]",MODEL_RATIONALE,[],"Compatibility level is an explicit treatment-route model rationale, not a literature-derived probability.","ordinal route compatibility; not probability, profitability or optimality",P06:ROUTE:crt_specialist,{},NONE_REQUIRED,0,[],[],[],NOT_EXTERNAL,KEEP_DECLARED_RATIONALE_OR_STATE,,[],MODEL_RATIONALE,UNCHANGED_IF_SUPPORT_REMAINS,UNCHANGED_IF_SUPPORT_REMAINS,Non-external route rubric row.,NON_EXTERNAL_ROUTE
6,device:laptop,sorting_dismantling,2.0,"[1, 2, 3]",MODEL_RATIONALE,[],"Compatibility level is an explicit treatment-route model rationale, not a literature-derived probability.","ordinal route compatibility; not probability, profitability or optimality",P06:ROUTE:sorting_dismantling,{},NONE_REQUIRED,0,[],[],[],NOT_EXTERNAL,KEEP_DECLARED_RATIONALE_OR_STATE,,[],MODEL_RATIONALE,UNCHANGED_IF_SUPPORT_REMAINS,UNCHANGED_IF_SUPPORT_REMAINS,Non-external route rubric row.,NON_EXTERNAL_ROUTE
6,device:laptop,residual_treatment,1.0,"[1, 2]",MODEL_RATIONALE,[],"Compatibility level is an explicit treatment-route model rationale, not a literature-derived probability.","ordinal route compatibility; not probability, profitability or optimality",P06:ROUTE:residual_treatment,{},NONE_REQUIRED,0,[],[],[],NOT_EXTERNAL,KEEP_DECLARED_RATIONALE_OR_STATE,,[],MODEL_RATIONALE,UNCHANGED_IF_SUPPORT_REMAINS,UNCHANGED_IF_SUPPORT_REMAINS,Non-external route rubric row.,NON_EXTERNAL_ROUTE
7,device:microwave_oven,reuse_refurbish,2.0,"[1, 2, 3]",MODEL_RATIONALE,[],"Compatibility level is an explicit treatment-route model rationale, not a literature-derived probability.","ordinal route compatibility; not probability, profitability or optimality",P07:ROUTE:reuse_refurbish,{},NONE_REQUIRED,0,[],[],[],NOT_EXTERNAL,KEEP_DECLARED_RATIONALE_OR_STATE,,[],MODEL_RATIONALE,UNCHANGED_IF_SUPPORT_REMAINS,UNCHANGED_IF_SUPPORT_REMAINS,Non-external route rubric row.,NON_EXTERNAL_ROUTE
7,device:microwave_oven,parts_harvest,2.0,"[1, 2, 3]",MODEL_RATIONALE,[],"Compatibility level is an explicit treatment-route model rationale, not a literature-derived probability.","ordinal route compatibility; not probability, profitability or optimality",P07:ROUTE:parts_harvest,{},NONE_REQUIRED,0,[],[],[],NOT_EXTERNAL,KEEP_DECLARED_RATIONALE_OR_STATE,,[],MODEL_RATIONALE,UNCHANGED_IF_SUPPORT_REMAINS,UNCHANGED_IF_SUPPORT_REMAINS,Non-external route rubric row.,NON_EXTERNAL_ROUTE
7,device:microwave_oven,bulk_material_recovery,4.0,"[3, 4]",MODEL_RATIONALE,[],"Compatibility level is an explicit treatment-route model rationale, not a literature-derived probability.","ordinal route compatibility; not probability, profitability or optimality",P07:ROUTE:bulk_material_recovery,{},NONE_REQUIRED,0,[],[],[],NOT_EXTERNAL,KEEP_DECLARED_RATIONALE_OR_STATE,,[],MODEL_RATIONALE,UNCHANGED_IF_SUPPORT_REMAINS,UNCHANGED_IF_SUPPORT_REMAINS,Non-external route rubric row.,NON_EXTERNAL_ROUTE
7,device:microwave_oven,specialist_pcb,1.0,"[1, 2]",MODEL_RATIONALE,[],"Compatibility level is an explicit treatment-route model rationale, not a literature-derived probability.","ordinal route compatibility; not probability, profitability or optimality",P07:ROUTE:specialist_pcb,{},NONE_REQUIRED,0,[],[],[],NOT_EXTERNAL,KEEP_DECLARED_RATIONALE_OR_STATE,,[],MODEL_RATIONALE,UNCHANGED_IF_SUPPORT_REMAINS,UNCHANGED_IF_SUPPORT_REMAINS,Non-external route rubric row.,NON_EXTERNAL_ROUTE
7,device:microwave_oven,battery_specialist,1.0,"[1, 2]",MODEL_RATIONALE,[],"Compatibility level is an explicit treatment-route model rationale, not a literature-derived probability.","ordinal route compatibility; not probability, profitability or optimality",P07:ROUTE:battery_specialist,{},NONE_REQUIRED,0,[],[],[],NOT_EXTERNAL,KEEP_DECLARED_RATIONALE_OR_STATE,,[],MODEL_RATIONALE,UNCHANGED_IF_SUPPORT_REMAINS,UNCHANGED_IF_SUPPORT_REMAINS,Non-external route rubric row.,NON_EXTERNAL_ROUTE
7,device:microwave_oven,crt_specialist,1.0,"[1, 2]",MODEL_RATIONALE,[],"Compatibility level is an explicit treatment-route model rationale, not a literature-derived probability.","ordinal route compatibility; not probability, profitability or optimality",P07:ROUTE:crt_specialist,{},NONE_REQUIRED,0,[],[],[],NOT_EXTERNAL,KEEP_DECLARED_RATIONALE_OR_STATE,,[],MODEL_RATIONALE,UNCHANGED_IF_SUPPORT_REMAINS,UNCHANGED_IF_SUPPORT_REMAINS,Non-external route rubric row.,NON_EXTERNAL_ROUTE
7,device:microwave_oven,sorting_dismantling,2.0,"[1, 2, 3]",MODEL_RATIONALE,[],"Compatibility level is an explicit treatment-route model rationale, not a literature-derived probability.","ordinal route compatibility; not probability, profitability or optimality",P07:ROUTE:sorting_dismantling,{},NONE_REQUIRED,0,[],[],[],NOT_EXTERNAL,KEEP_DECLARED_RATIONALE_OR_STATE,,[],MODEL_RATIONALE,UNCHANGED_IF_SUPPORT_REMAINS,UNCHANGED_IF_SUPPORT_REMAINS,Non-external route rubric row.,NON_EXTERNAL_ROUTE
7,device:microwave_oven,residual_treatment,1.0,"[1, 2]",MODEL_RATIONALE,[],"Compatibility level is an explicit treatment-route model rationale, not a literature-derived probability.","ordinal route compatibility; not probability, profitability or optimality",P07:ROUTE:residual_treatment,{},NONE_REQUIRED,0,[],[],[],NOT_EXTERNAL,KEEP_DECLARED_RATIONALE_OR_STATE,,[],MODEL_RATIONALE,UNCHANGED_IF_SUPPORT_REMAINS,UNCHANGED_IF_SUPPORT_REMAINS,Non-external route rubric row.,NON_EXTERNAL_ROUTE
8,scene:mixed_e_waste_accumulation,reuse_refurbish,,[],UNSUPPORTED,[],No defensible route-specific item-level anchor.,"ordinal route compatibility; not probability, profitability or optimality",P08:ROUTE:reuse_refurbish,{},NONE_REQUIRED,0,[],[],[],NOT_EXTERNAL,KEEP_DECLARED_RATIONALE_OR_STATE,,[],UNSUPPORTED,UNCHANGED_IF_SUPPORT_REMAINS,UNCHANGED_IF_SUPPORT_REMAINS,Non-external route rubric row.,NON_EXTERNAL_ROUTE
8,scene:mixed_e_waste_accumulation,parts_harvest,,[],UNSUPPORTED,[],No defensible route-specific item-level anchor.,"ordinal route compatibility; not probability, profitability or optimality",P08:ROUTE:parts_harvest,{},NONE_REQUIRED,0,[],[],[],NOT_EXTERNAL,KEEP_DECLARED_RATIONALE_OR_STATE,,[],UNSUPPORTED,UNCHANGED_IF_SUPPORT_REMAINS,UNCHANGED_IF_SUPPORT_REMAINS,Non-external route rubric row.,NON_EXTERNAL_ROUTE
8,scene:mixed_e_waste_accumulation,bulk_material_recovery,,[],UNSUPPORTED,[],No defensible route-specific item-level anchor.,"ordinal route compatibility; not probability, profitability or optimality",P08:ROUTE:bulk_material_recovery,{},NONE_REQUIRED,0,[],[],[],NOT_EXTERNAL,KEEP_DECLARED_RATIONALE_OR_STATE,,[],UNSUPPORTED,UNCHANGED_IF_SUPPORT_REMAINS,UNCHANGED_IF_SUPPORT_REMAINS,Non-external route rubric row.,NON_EXTERNAL_ROUTE
8,scene:mixed_e_waste_accumulation,specialist_pcb,,[],UNSUPPORTED,[],No defensible route-specific item-level anchor.,"ordinal route compatibility; not probability, profitability or optimality",P08:ROUTE:specialist_pcb,{},NONE_REQUIRED,0,[],[],[],NOT_EXTERNAL,KEEP_DECLARED_RATIONALE_OR_STATE,,[],UNSUPPORTED,UNCHANGED_IF_SUPPORT_REMAINS,UNCHANGED_IF_SUPPORT_REMAINS,Non-external route rubric row.,NON_EXTERNAL_ROUTE
8,scene:mixed_e_waste_accumulation,battery_specialist,,[],UNSUPPORTED,[],No defensible route-specific item-level anchor.,"ordinal route compatibility; not probability, profitability or optimality",P08:ROUTE:battery_specialist,{},NONE_REQUIRED,0,[],[],[],NOT_EXTERNAL,KEEP_DECLARED_RATIONALE_OR_STATE,,[],UNSUPPORTED,UNCHANGED_IF_SUPPORT_REMAINS,UNCHANGED_IF_SUPPORT_REMAINS,Non-external route rubric row.,NON_EXTERNAL_ROUTE
8,scene:mixed_e_waste_accumulation,crt_specialist,,[],UNSUPPORTED,[],No defensible route-specific item-level anchor.,"ordinal route compatibility; not probability, profitability or optimality",P08:ROUTE:crt_specialist,{},NONE_REQUIRED,0,[],[],[],NOT_EXTERNAL,KEEP_DECLARED_RATIONALE_OR_STATE,,[],UNSUPPORTED,UNCHANGED_IF_SUPPORT_REMAINS,UNCHANGED_IF_SUPPORT_REMAINS,Non-external route rubric row.,NON_EXTERNAL_ROUTE
8,scene:mixed_e_waste_accumulation,sorting_dismantling,4.0,"[3, 4]",MODEL_RATIONALE,[],"Compatibility level is an explicit treatment-route model rationale, not a literature-derived probability.","ordinal route compatibility; not probability, profitability or optimality",P08:ROUTE:sorting_dismantling,{},NONE_REQUIRED,0,[],[],[],NOT_EXTERNAL,KEEP_DECLARED_RATIONALE_OR_STATE,,[],MODEL_RATIONALE,UNCHANGED_IF_SUPPORT_REMAINS,UNCHANGED_IF_SUPPORT_REMAINS,Non-external route rubric row.,NON_EXTERNAL_ROUTE
8,scene:mixed_e_waste_accumulation,residual_treatment,4.0,"[3, 4]",MODEL_RATIONALE,[],"Compatibility level is an explicit treatment-route model rationale, not a literature-derived probability.","ordinal route compatibility; not probability, profitability or optimality",P08:ROUTE:residual_treatment,{},NONE_REQUIRED,0,[],[],[],NOT_EXTERNAL,KEEP_DECLARED_RATIONALE_OR_STATE,,[],MODEL_RATIONALE,UNCHANGED_IF_SUPPORT_REMAINS,UNCHANGED_IF_SUPPORT_REMAINS,Non-external route rubric row.,NON_EXTERNAL_ROUTE
9,device:flat_panel_display,reuse_refurbish,3.0,"[2, 3]",LITERATURE_SYNTHESIS,"[""E002"", ""E011""]","Reuse/refurbishment pathway relevance is documented, but actual item functionality is unknown.","ordinal route compatibility; not probability, profitability or optimality",P09:ROUTE:reuse_refurbish,"{""E011"": ""PRIMARY"", ""E002"": ""CONTEXT_ONLY""}",PRIMARY_REQUIRED,1,"[""E011""]",[],"[""E002""]",MANUALLY_REVIEWED_2026-09-26,ANCHOR_DOWNGRADES_TO_MODEL_RATIONALE,2.0,"[1, 2, 3]",MODEL_RATIONALE_AFTER_SOURCE_ABLATION,UNCHANGED_IF_SUPPORT_REMAINS,UNCHANGED_IF_SUPPORT_REMAINS,PACE computing/peripheral refurbishment guidance is primary; WEEE legislation is context only.,MANUAL:P09:ROUTE:reuse_refurbish
9,device:flat_panel_display,parts_harvest,3.0,"[2, 3, 4]",MODEL_RATIONALE,[],"Compatibility level is an explicit treatment-route model rationale, not a literature-derived probability.","ordinal route compatibility; not probability, profitability or optimality",P09:ROUTE:parts_harvest,{},NONE_REQUIRED,0,[],[],[],NOT_EXTERNAL,KEEP_DECLARED_RATIONALE_OR_STATE,,[],MODEL_RATIONALE,UNCHANGED_IF_SUPPORT_REMAINS,UNCHANGED_IF_SUPPORT_REMAINS,Non-external route rubric row.,NON_EXTERNAL_ROUTE
9,device:flat_panel_display,bulk_material_recovery,2.0,"[1, 2, 3]",MODEL_RATIONALE,[],"Compatibility level is an explicit treatment-route model rationale, not a literature-derived probability.","ordinal route compatibility; not probability, profitability or optimality",P09:ROUTE:bulk_material_recovery,{},NONE_REQUIRED,0,[],[],[],NOT_EXTERNAL,KEEP_DECLARED_RATIONALE_OR_STATE,,[],MODEL_RATIONALE,UNCHANGED_IF_SUPPORT_REMAINS,UNCHANGED_IF_SUPPORT_REMAINS,Non-external route rubric row.,NON_EXTERNAL_ROUTE
9,device:flat_panel_display,specialist_pcb,1.0,"[1, 2]",MODEL_RATIONALE,[],"Compatibility level is an explicit treatment-route model rationale, not a literature-derived probability.","ordinal route compatibility; not probability, profitability or optimality",P09:ROUTE:specialist_pcb,{},NONE_REQUIRED,0,[],[],[],NOT_EXTERNAL,KEEP_DECLARED_RATIONALE_OR_STATE,,[],MODEL_RATIONALE,UNCHANGED_IF_SUPPORT_REMAINS,UNCHANGED_IF_SUPPORT_REMAINS,Non-external route rubric row.,NON_EXTERNAL_ROUTE
9,device:flat_panel_display,battery_specialist,1.0,"[1, 2]",MODEL_RATIONALE,[],"Compatibility level is an explicit treatment-route model rationale, not a literature-derived probability.","ordinal route compatibility; not probability, profitability or optimality",P09:ROUTE:battery_specialist,{},NONE_REQUIRED,0,[],[],[],NOT_EXTERNAL,KEEP_DECLARED_RATIONALE_OR_STATE,,[],MODEL_RATIONALE,UNCHANGED_IF_SUPPORT_REMAINS,UNCHANGED_IF_SUPPORT_REMAINS,Non-external route rubric row.,NON_EXTERNAL_ROUTE
9,device:flat_panel_display,crt_specialist,1.0,"[1, 2]",MODEL_RATIONALE,[],"Compatibility level is an explicit treatment-route model rationale, not a literature-derived probability.","ordinal route compatibility; not probability, profitability or optimality",P09:ROUTE:crt_specialist,{},NONE_REQUIRED,0,[],[],[],NOT_EXTERNAL,KEEP_DECLARED_RATIONALE_OR_STATE,,[],MODEL_RATIONALE,UNCHANGED_IF_SUPPORT_REMAINS,UNCHANGED_IF_SUPPORT_REMAINS,Non-external route rubric row.,NON_EXTERNAL_ROUTE
9,device:flat_panel_display,sorting_dismantling,3.0,"[2, 3, 4]",MODEL_RATIONALE,[],"Compatibility level is an explicit treatment-route model rationale, not a literature-derived probability.","ordinal route compatibility; not probability, profitability or optimality",P09:ROUTE:sorting_dismantling,{},NONE_REQUIRED,0,[],[],[],NOT_EXTERNAL,KEEP_DECLARED_RATIONALE_OR_STATE,,[],MODEL_RATIONALE,UNCHANGED_IF_SUPPORT_REMAINS,UNCHANGED_IF_SUPPORT_REMAINS,Non-external route rubric row.,NON_EXTERNAL_ROUTE
9,device:flat_panel_display,residual_treatment,2.0,"[1, 2, 3]",MODEL_RATIONALE,[],"Compatibility level is an explicit treatment-route model rationale, not a literature-derived probability.","ordinal route compatibility; not probability, profitability or optimality",P09:ROUTE:residual_treatment,{},NONE_REQUIRED,0,[],[],[],NOT_EXTERNAL,KEEP_DECLARED_RATIONALE_OR_STATE,,[],MODEL_RATIONALE,UNCHANGED_IF_SUPPORT_REMAINS,UNCHANGED_IF_SUPPORT_REMAINS,Non-external route rubric row.,NON_EXTERNAL_ROUTE
10,component:battery_or_cell,reuse_refurbish,1.0,"[1, 2]",MODEL_RATIONALE,[],"Compatibility level is an explicit treatment-route model rationale, not a literature-derived probability.","ordinal route compatibility; not probability, profitability or optimality",P10:ROUTE:reuse_refurbish,{},NONE_REQUIRED,0,[],[],[],NOT_EXTERNAL,KEEP_DECLARED_RATIONALE_OR_STATE,,[],MODEL_RATIONALE,UNCHANGED_IF_SUPPORT_REMAINS,UNCHANGED_IF_SUPPORT_REMAINS,Non-external route rubric row.,NON_EXTERNAL_ROUTE
10,component:battery_or_cell,parts_harvest,1.0,"[1, 2]",MODEL_RATIONALE,[],"Compatibility level is an explicit treatment-route model rationale, not a literature-derived probability.","ordinal route compatibility; not probability, profitability or optimality",P10:ROUTE:parts_harvest,{},NONE_REQUIRED,0,[],[],[],NOT_EXTERNAL,KEEP_DECLARED_RATIONALE_OR_STATE,,[],MODEL_RATIONALE,UNCHANGED_IF_SUPPORT_REMAINS,UNCHANGED_IF_SUPPORT_REMAINS,Non-external route rubric row.,NON_EXTERNAL_ROUTE
10,component:battery_or_cell,bulk_material_recovery,1.0,"[1, 2]",MODEL_RATIONALE,[],"Compatibility level is an explicit treatment-route model rationale, not a literature-derived probability.","ordinal route compatibility; not probability, profitability or optimality",P10:ROUTE:bulk_material_recovery,{},NONE_REQUIRED,0,[],[],[],NOT_EXTERNAL,KEEP_DECLARED_RATIONALE_OR_STATE,,[],MODEL_RATIONALE,UNCHANGED_IF_SUPPORT_REMAINS,UNCHANGED_IF_SUPPORT_REMAINS,Non-external route rubric row.,NON_EXTERNAL_ROUTE
10,component:battery_or_cell,specialist_pcb,1.0,"[1, 2]",MODEL_RATIONALE,[],"Compatibility level is an explicit treatment-route model rationale, not a literature-derived probability.","ordinal route compatibility; not probability, profitability or optimality",P10:ROUTE:specialist_pcb,{},NONE_REQUIRED,0,[],[],[],NOT_EXTERNAL,KEEP_DECLARED_RATIONALE_OR_STATE,,[],MODEL_RATIONALE,UNCHANGED_IF_SUPPORT_REMAINS,UNCHANGED_IF_SUPPORT_REMAINS,Non-external route rubric row.,NON_EXTERNAL_ROUTE
10,component:battery_or_cell,battery_specialist,4.0,[4],LITERATURE_SYNTHESIS,"[""E006"", ""E013""]",Dedicated battery treatment/recycling is documented across industrial/regulatory sources; chemistry remains unresolved.,"ordinal route compatibility; not probability, profitability or optimality",P10:ROUTE:battery_specialist,"{""E013"": ""PRIMARY"", ""E006"": ""CORROBORATING""}",PRIMARY_REQUIRED,1,"[""E013""]","[""E006""]",[],MANUALLY_REVIEWED_2026-09-26,ANCHOR_DOWNGRADES_TO_MODEL_RATIONALE,3.0,"[2, 3, 4]",MODEL_RATIONALE_AFTER_SOURCE_ABLATION,UNCHANGED_IF_SUPPORT_REMAINS,BROADEN_IF_SUPPORT_REMAINS,Multi-category battery treatment requirements are primary; Li-ion industrial process evidence corroborates but cannot substitute for unknown chemistry.,MANUAL:P10:ROUTE:battery_specialist
10,component:battery_or_cell,crt_specialist,1.0,"[1, 2]",MODEL_RATIONALE,[],"Compatibility level is an explicit treatment-route model rationale, not a literature-derived probability.","ordinal route compatibility; not probability, profitability or optimality",P10:ROUTE:crt_specialist,{},NONE_REQUIRED,0,[],[],[],NOT_EXTERNAL,KEEP_DECLARED_RATIONALE_OR_STATE,,[],MODEL_RATIONALE,UNCHANGED_IF_SUPPORT_REMAINS,UNCHANGED_IF_SUPPORT_REMAINS,Non-external route rubric row.,NON_EXTERNAL_ROUTE
10,component:battery_or_cell,sorting_dismantling,3.0,"[2, 3, 4]",MODEL_RATIONALE,[],"Compatibility level is an explicit treatment-route model rationale, not a literature-derived probability.","ordinal route compatibility; not probability, profitability or optimality",P10:ROUTE:sorting_dismantling,{},NONE_REQUIRED,0,[],[],[],NOT_EXTERNAL,KEEP_DECLARED_RATIONALE_OR_STATE,,[],MODEL_RATIONALE,UNCHANGED_IF_SUPPORT_REMAINS,UNCHANGED_IF_SUPPORT_REMAINS,Non-external route rubric row.,NON_EXTERNAL_ROUTE
10,component:battery_or_cell,residual_treatment,2.0,"[1, 2, 3]",MODEL_RATIONALE,[],"Compatibility level is an explicit treatment-route model rationale, not a literature-derived probability.","ordinal route compatibility; not probability, profitability or optimality",P10:ROUTE:residual_treatment,{},NONE_REQUIRED,0,[],[],[],NOT_EXTERNAL,KEEP_DECLARED_RATIONALE_OR_STATE,,[],MODEL_RATIONALE,UNCHANGED_IF_SUPPORT_REMAINS,UNCHANGED_IF_SUPPORT_REMAINS,Non-external route rubric row.,NON_EXTERNAL_ROUTE
11,device:front_loading_washing_machine,reuse_refurbish,2.0,"[1, 2, 3]",MODEL_RATIONALE,[],"Compatibility level is an explicit treatment-route model rationale, not a literature-derived probability.","ordinal route compatibility; not probability, profitability or optimality",P11:ROUTE:reuse_refurbish,{},NONE_REQUIRED,0,[],[],[],NOT_EXTERNAL,KEEP_DECLARED_RATIONALE_OR_STATE,,[],MODEL_RATIONALE,UNCHANGED_IF_SUPPORT_REMAINS,UNCHANGED_IF_SUPPORT_REMAINS,Non-external route rubric row.,NON_EXTERNAL_ROUTE
11,device:front_loading_washing_machine,parts_harvest,2.0,"[1, 2, 3]",MODEL_RATIONALE,[],"Compatibility level is an explicit treatment-route model rationale, not a literature-derived probability.","ordinal route compatibility; not probability, profitability or optimality",P11:ROUTE:parts_harvest,{},NONE_REQUIRED,0,[],[],[],NOT_EXTERNAL,KEEP_DECLARED_RATIONALE_OR_STATE,,[],MODEL_RATIONALE,UNCHANGED_IF_SUPPORT_REMAINS,UNCHANGED_IF_SUPPORT_REMAINS,Non-external route rubric row.,NON_EXTERNAL_ROUTE
11,device:front_loading_washing_machine,bulk_material_recovery,4.0,"[3, 4]",MODEL_RATIONALE,[],"Compatibility level is an explicit treatment-route model rationale, not a literature-derived probability.","ordinal route compatibility; not probability, profitability or optimality",P11:ROUTE:bulk_material_recovery,{},NONE_REQUIRED,0,[],[],[],NOT_EXTERNAL,KEEP_DECLARED_RATIONALE_OR_STATE,,[],MODEL_RATIONALE,UNCHANGED_IF_SUPPORT_REMAINS,UNCHANGED_IF_SUPPORT_REMAINS,Non-external route rubric row.,NON_EXTERNAL_ROUTE
11,device:front_loading_washing_machine,specialist_pcb,1.0,"[1, 2]",MODEL_RATIONALE,[],"Compatibility level is an explicit treatment-route model rationale, not a literature-derived probability.","ordinal route compatibility; not probability, profitability or optimality",P11:ROUTE:specialist_pcb,{},NONE_REQUIRED,0,[],[],[],NOT_EXTERNAL,KEEP_DECLARED_RATIONALE_OR_STATE,,[],MODEL_RATIONALE,UNCHANGED_IF_SUPPORT_REMAINS,UNCHANGED_IF_SUPPORT_REMAINS,Non-external route rubric row.,NON_EXTERNAL_ROUTE
11,device:front_loading_washing_machine,battery_specialist,1.0,"[1, 2]",MODEL_RATIONALE,[],"Compatibility level is an explicit treatment-route model rationale, not a literature-derived probability.","ordinal route compatibility; not probability, profitability or optimality",P11:ROUTE:battery_specialist,{},NONE_REQUIRED,0,[],[],[],NOT_EXTERNAL,KEEP_DECLARED_RATIONALE_OR_STATE,,[],MODEL_RATIONALE,UNCHANGED_IF_SUPPORT_REMAINS,UNCHANGED_IF_SUPPORT_REMAINS,Non-external route rubric row.,NON_EXTERNAL_ROUTE
11,device:front_loading_washing_machine,crt_specialist,1.0,"[1, 2]",MODEL_RATIONALE,[],"Compatibility level is an explicit treatment-route model rationale, not a literature-derived probability.","ordinal route compatibility; not probability, profitability or optimality",P11:ROUTE:crt_specialist,{},NONE_REQUIRED,0,[],[],[],NOT_EXTERNAL,KEEP_DECLARED_RATIONALE_OR_STATE,,[],MODEL_RATIONALE,UNCHANGED_IF_SUPPORT_REMAINS,UNCHANGED_IF_SUPPORT_REMAINS,Non-external route rubric row.,NON_EXTERNAL_ROUTE
11,device:front_loading_washing_machine,sorting_dismantling,2.0,"[1, 2, 3]",MODEL_RATIONALE,[],"Compatibility level is an explicit treatment-route model rationale, not a literature-derived probability.","ordinal route compatibility; not probability, profitability or optimality",P11:ROUTE:sorting_dismantling,{},NONE_REQUIRED,0,[],[],[],NOT_EXTERNAL,KEEP_DECLARED_RATIONALE_OR_STATE,,[],MODEL_RATIONALE,UNCHANGED_IF_SUPPORT_REMAINS,UNCHANGED_IF_SUPPORT_REMAINS,Non-external route rubric row.,NON_EXTERNAL_ROUTE
11,device:front_loading_washing_machine,residual_treatment,1.0,"[1, 2]",MODEL_RATIONALE,[],"Compatibility level is an explicit treatment-route model rationale, not a literature-derived probability.","ordinal route compatibility; not probability, profitability or optimality",P11:ROUTE:residual_treatment,{},NONE_REQUIRED,0,[],[],[],NOT_EXTERNAL,KEEP_DECLARED_RATIONALE_OR_STATE,,[],MODEL_RATIONALE,UNCHANGED_IF_SUPPORT_REMAINS,UNCHANGED_IF_SUPPORT_REMAINS,Non-external route rubric row.,NON_EXTERNAL_ROUTE
12,device:crt_display,reuse_refurbish,2.0,"[1, 2, 3]",MODEL_RATIONALE,[],"Compatibility level is an explicit treatment-route model rationale, not a literature-derived probability.","ordinal route compatibility; not probability, profitability or optimality",P12:ROUTE:reuse_refurbish,{},NONE_REQUIRED,0,[],[],[],NOT_EXTERNAL,KEEP_DECLARED_RATIONALE_OR_STATE,,[],MODEL_RATIONALE,UNCHANGED_IF_SUPPORT_REMAINS,UNCHANGED_IF_SUPPORT_REMAINS,Non-external route rubric row.,NON_EXTERNAL_ROUTE
12,device:crt_display,parts_harvest,2.0,"[1, 2, 3]",MODEL_RATIONALE,[],"Compatibility level is an explicit treatment-route model rationale, not a literature-derived probability.","ordinal route compatibility; not probability, profitability or optimality",P12:ROUTE:parts_harvest,{},NONE_REQUIRED,0,[],[],[],NOT_EXTERNAL,KEEP_DECLARED_RATIONALE_OR_STATE,,[],MODEL_RATIONALE,UNCHANGED_IF_SUPPORT_REMAINS,UNCHANGED_IF_SUPPORT_REMAINS,Non-external route rubric row.,NON_EXTERNAL_ROUTE
12,device:crt_display,bulk_material_recovery,2.0,"[1, 2, 3]",MODEL_RATIONALE,[],"Compatibility level is an explicit treatment-route model rationale, not a literature-derived probability.","ordinal route compatibility; not probability, profitability or optimality",P12:ROUTE:bulk_material_recovery,{},NONE_REQUIRED,0,[],[],[],NOT_EXTERNAL,KEEP_DECLARED_RATIONALE_OR_STATE,,[],MODEL_RATIONALE,UNCHANGED_IF_SUPPORT_REMAINS,UNCHANGED_IF_SUPPORT_REMAINS,Non-external route rubric row.,NON_EXTERNAL_ROUTE
12,device:crt_display,specialist_pcb,1.0,"[1, 2]",MODEL_RATIONALE,[],"Compatibility level is an explicit treatment-route model rationale, not a literature-derived probability.","ordinal route compatibility; not probability, profitability or optimality",P12:ROUTE:specialist_pcb,{},NONE_REQUIRED,0,[],[],[],NOT_EXTERNAL,KEEP_DECLARED_RATIONALE_OR_STATE,,[],MODEL_RATIONALE,UNCHANGED_IF_SUPPORT_REMAINS,UNCHANGED_IF_SUPPORT_REMAINS,Non-external route rubric row.,NON_EXTERNAL_ROUTE
12,device:crt_display,battery_specialist,1.0,"[1, 2]",MODEL_RATIONALE,[],"Compatibility level is an explicit treatment-route model rationale, not a literature-derived probability.","ordinal route compatibility; not probability, profitability or optimality",P12:ROUTE:battery_specialist,{},NONE_REQUIRED,0,[],[],[],NOT_EXTERNAL,KEEP_DECLARED_RATIONALE_OR_STATE,,[],MODEL_RATIONALE,UNCHANGED_IF_SUPPORT_REMAINS,UNCHANGED_IF_SUPPORT_REMAINS,Non-external route rubric row.,NON_EXTERNAL_ROUTE
12,device:crt_display,crt_specialist,4.0,[4],DIRECT_LITERATURE,"[""E008""]",CRT controlled disassembly/recycling is directly documented.,"ordinal route compatibility; not probability, profitability or optimality",P12:ROUTE:crt_specialist,"{""E008"": ""PRIMARY""}",PRIMARY_REQUIRED,1,"[""E008""]",[],[],MANUALLY_REVIEWED_2026-09-26,ANCHOR_DOWNGRADES_TO_MODEL_RATIONALE,3.0,"[2, 3, 4]",MODEL_RATIONALE_AFTER_SOURCE_ABLATION,UNCHANGED_IF_SUPPORT_REMAINS,UNCHANGED_IF_SUPPORT_REMAINS,CRT-specific technical/management evidence is primary; loss downgrades the route to explicit model rationale rather than pretending it remains literature-derived.,MANUAL:P12:ROUTE:crt_specialist
12,device:crt_display,sorting_dismantling,3.0,"[2, 3, 4]",MODEL_RATIONALE,[],"Compatibility level is an explicit treatment-route model rationale, not a literature-derived probability.","ordinal route compatibility; not probability, profitability or optimality",P12:ROUTE:sorting_dismantling,{},NONE_REQUIRED,0,[],[],[],NOT_EXTERNAL,KEEP_DECLARED_RATIONALE_OR_STATE,,[],MODEL_RATIONALE,UNCHANGED_IF_SUPPORT_REMAINS,UNCHANGED_IF_SUPPORT_REMAINS,Non-external route rubric row.,NON_EXTERNAL_ROUTE
12,device:crt_display,residual_treatment,3.0,"[2, 3, 4]",MODEL_RATIONALE,[],"Compatibility level is an explicit treatment-route model rationale, not a literature-derived probability.","ordinal route compatibility; not probability, profitability or optimality",P12:ROUTE:residual_treatment,{},NONE_REQUIRED,0,[],[],[],NOT_EXTERNAL,KEEP_DECLARED_RATIONALE_OR_STATE,,[],MODEL_RATIONALE,UNCHANGED_IF_SUPPORT_REMAINS,UNCHANGED_IF_SUPPORT_REMAINS,Non-external route rubric row.,NON_EXTERNAL_ROUTE
13,device:audio_playback_equipment,reuse_refurbish,3.0,"[2, 3, 4]",MODEL_RATIONALE,[],"Compatibility level is an explicit treatment-route model rationale, not a literature-derived probability.","ordinal route compatibility; not probability, profitability or optimality",P13:ROUTE:reuse_refurbish,{},NONE_REQUIRED,0,[],[],[],NOT_EXTERNAL,KEEP_DECLARED_RATIONALE_OR_STATE,,[],MODEL_RATIONALE,UNCHANGED_IF_SUPPORT_REMAINS,UNCHANGED_IF_SUPPORT_REMAINS,Non-external route rubric row.,NON_EXTERNAL_ROUTE
13,device:audio_playback_equipment,parts_harvest,3.0,"[2, 3, 4]",MODEL_RATIONALE,[],"Compatibility level is an explicit treatment-route model rationale, not a literature-derived probability.","ordinal route compatibility; not probability, profitability or optimality",P13:ROUTE:parts_harvest,{},NONE_REQUIRED,0,[],[],[],NOT_EXTERNAL,KEEP_DECLARED_RATIONALE_OR_STATE,,[],MODEL_RATIONALE,UNCHANGED_IF_SUPPORT_REMAINS,UNCHANGED_IF_SUPPORT_REMAINS,Non-external route rubric row.,NON_EXTERNAL_ROUTE
13,device:audio_playback_equipment,bulk_material_recovery,2.0,"[1, 2, 3]",MODEL_RATIONALE,[],"Compatibility level is an explicit treatment-route model rationale, not a literature-derived probability.","ordinal route compatibility; not probability, profitability or optimality",P13:ROUTE:bulk_material_recovery,{},NONE_REQUIRED,0,[],[],[],NOT_EXTERNAL,KEEP_DECLARED_RATIONALE_OR_STATE,,[],MODEL_RATIONALE,UNCHANGED_IF_SUPPORT_REMAINS,UNCHANGED_IF_SUPPORT_REMAINS,Non-external route rubric row.,NON_EXTERNAL_ROUTE
13,device:audio_playback_equipment,specialist_pcb,1.0,"[1, 2]",MODEL_RATIONALE,[],"Compatibility level is an explicit treatment-route model rationale, not a literature-derived probability.","ordinal route compatibility; not probability, profitability or optimality",P13:ROUTE:specialist_pcb,{},NONE_REQUIRED,0,[],[],[],NOT_EXTERNAL,KEEP_DECLARED_RATIONALE_OR_STATE,,[],MODEL_RATIONALE,UNCHANGED_IF_SUPPORT_REMAINS,UNCHANGED_IF_SUPPORT_REMAINS,Non-external route rubric row.,NON_EXTERNAL_ROUTE
13,device:audio_playback_equipment,battery_specialist,1.0,"[1, 2]",MODEL_RATIONALE,[],"Compatibility level is an explicit treatment-route model rationale, not a literature-derived probability.","ordinal route compatibility; not probability, profitability or optimality",P13:ROUTE:battery_specialist,{},NONE_REQUIRED,0,[],[],[],NOT_EXTERNAL,KEEP_DECLARED_RATIONALE_OR_STATE,,[],MODEL_RATIONALE,UNCHANGED_IF_SUPPORT_REMAINS,UNCHANGED_IF_SUPPORT_REMAINS,Non-external route rubric row.,NON_EXTERNAL_ROUTE
13,device:audio_playback_equipment,crt_specialist,1.0,"[1, 2]",MODEL_RATIONALE,[],"Compatibility level is an explicit treatment-route model rationale, not a literature-derived probability.","ordinal route compatibility; not probability, profitability or optimality",P13:ROUTE:crt_specialist,{},NONE_REQUIRED,0,[],[],[],NOT_EXTERNAL,KEEP_DECLARED_RATIONALE_OR_STATE,,[],MODEL_RATIONALE,UNCHANGED_IF_SUPPORT_REMAINS,UNCHANGED_IF_SUPPORT_REMAINS,Non-external route rubric row.,NON_EXTERNAL_ROUTE
13,device:audio_playback_equipment,sorting_dismantling,2.0,"[1, 2, 3]",MODEL_RATIONALE,[],"Compatibility level is an explicit treatment-route model rationale, not a literature-derived probability.","ordinal route compatibility; not probability, profitability or optimality",P13:ROUTE:sorting_dismantling,{},NONE_REQUIRED,0,[],[],[],NOT_EXTERNAL,KEEP_DECLARED_RATIONALE_OR_STATE,,[],MODEL_RATIONALE,UNCHANGED_IF_SUPPORT_REMAINS,UNCHANGED_IF_SUPPORT_REMAINS,Non-external route rubric row.,NON_EXTERNAL_ROUTE
13,device:audio_playback_equipment,residual_treatment,1.0,"[1, 2]",MODEL_RATIONALE,[],"Compatibility level is an explicit treatment-route model rationale, not a literature-derived probability.","ordinal route compatibility; not probability, profitability or optimality",P13:ROUTE:residual_treatment,{},NONE_REQUIRED,0,[],[],[],NOT_EXTERNAL,KEEP_DECLARED_RATIONALE_OR_STATE,,[],MODEL_RATIONALE,UNCHANGED_IF_SUPPORT_REMAINS,UNCHANGED_IF_SUPPORT_REMAINS,Non-external route rubric row.,NON_EXTERNAL_ROUTE
14,device:turntable_record_player,reuse_refurbish,4.0,"[3, 4]",MODEL_RATIONALE,[],"Compatibility level is an explicit treatment-route model rationale, not a literature-derived probability.","ordinal route compatibility; not probability, profitability or optimality",P14:ROUTE:reuse_refurbish,{},NONE_REQUIRED,0,[],[],[],NOT_EXTERNAL,KEEP_DECLARED_RATIONALE_OR_STATE,,[],MODEL_RATIONALE,UNCHANGED_IF_SUPPORT_REMAINS,UNCHANGED_IF_SUPPORT_REMAINS,Non-external route rubric row.,NON_EXTERNAL_ROUTE
14,device:turntable_record_player,parts_harvest,3.0,"[2, 3, 4]",MODEL_RATIONALE,[],"Compatibility level is an explicit treatment-route model rationale, not a literature-derived probability.","ordinal route compatibility; not probability, profitability or optimality",P14:ROUTE:parts_harvest,{},NONE_REQUIRED,0,[],[],[],NOT_EXTERNAL,KEEP_DECLARED_RATIONALE_OR_STATE,,[],MODEL_RATIONALE,UNCHANGED_IF_SUPPORT_REMAINS,UNCHANGED_IF_SUPPORT_REMAINS,Non-external route rubric row.,NON_EXTERNAL_ROUTE
14,device:turntable_record_player,bulk_material_recovery,2.0,"[1, 2, 3]",MODEL_RATIONALE,[],"Compatibility level is an explicit treatment-route model rationale, not a literature-derived probability.","ordinal route compatibility; not probability, profitability or optimality",P14:ROUTE:bulk_material_recovery,{},NONE_REQUIRED,0,[],[],[],NOT_EXTERNAL,KEEP_DECLARED_RATIONALE_OR_STATE,,[],MODEL_RATIONALE,UNCHANGED_IF_SUPPORT_REMAINS,UNCHANGED_IF_SUPPORT_REMAINS,Non-external route rubric row.,NON_EXTERNAL_ROUTE
14,device:turntable_record_player,specialist_pcb,1.0,"[1, 2]",MODEL_RATIONALE,[],"Compatibility level is an explicit treatment-route model rationale, not a literature-derived probability.","ordinal route compatibility; not probability, profitability or optimality",P14:ROUTE:specialist_pcb,{},NONE_REQUIRED,0,[],[],[],NOT_EXTERNAL,KEEP_DECLARED_RATIONALE_OR_STATE,,[],MODEL_RATIONALE,UNCHANGED_IF_SUPPORT_REMAINS,UNCHANGED_IF_SUPPORT_REMAINS,Non-external route rubric row.,NON_EXTERNAL_ROUTE
14,device:turntable_record_player,battery_specialist,1.0,"[1, 2]",MODEL_RATIONALE,[],"Compatibility level is an explicit treatment-route model rationale, not a literature-derived probability.","ordinal route compatibility; not probability, profitability or optimality",P14:ROUTE:battery_specialist,{},NONE_REQUIRED,0,[],[],[],NOT_EXTERNAL,KEEP_DECLARED_RATIONALE_OR_STATE,,[],MODEL_RATIONALE,UNCHANGED_IF_SUPPORT_REMAINS,UNCHANGED_IF_SUPPORT_REMAINS,Non-external route rubric row.,NON_EXTERNAL_ROUTE
14,device:turntable_record_player,crt_specialist,1.0,"[1, 2]",MODEL_RATIONALE,[],"Compatibility level is an explicit treatment-route model rationale, not a literature-derived probability.","ordinal route compatibility; not probability, profitability or optimality",P14:ROUTE:crt_specialist,{},NONE_REQUIRED,0,[],[],[],NOT_EXTERNAL,KEEP_DECLARED_RATIONALE_OR_STATE,,[],MODEL_RATIONALE,UNCHANGED_IF_SUPPORT_REMAINS,UNCHANGED_IF_SUPPORT_REMAINS,Non-external route rubric row.,NON_EXTERNAL_ROUTE
14,device:turntable_record_player,sorting_dismantling,2.0,"[1, 2, 3]",MODEL_RATIONALE,[],"Compatibility level is an explicit treatment-route model rationale, not a literature-derived probability.","ordinal route compatibility; not probability, profitability or optimality",P14:ROUTE:sorting_dismantling,{},NONE_REQUIRED,0,[],[],[],NOT_EXTERNAL,KEEP_DECLARED_RATIONALE_OR_STATE,,[],MODEL_RATIONALE,UNCHANGED_IF_SUPPORT_REMAINS,UNCHANGED_IF_SUPPORT_REMAINS,Non-external route rubric row.,NON_EXTERNAL_ROUTE
14,device:turntable_record_player,residual_treatment,1.0,"[1, 2]",MODEL_RATIONALE,[],"Compatibility level is an explicit treatment-route model rationale, not a literature-derived probability.","ordinal route compatibility; not probability, profitability or optimality",P14:ROUTE:residual_treatment,{},NONE_REQUIRED,0,[],[],[],NOT_EXTERNAL,KEEP_DECLARED_RATIONALE_OR_STATE,,[],MODEL_RATIONALE,UNCHANGED_IF_SUPPORT_REMAINS,UNCHANGED_IF_SUPPORT_REMAINS,Non-external route rubric row.,NON_EXTERNAL_ROUTE
15,device:top_loading_or_semi_automatic_washing_machine,reuse_refurbish,2.0,"[1, 2, 3]",MODEL_RATIONALE,[],"Compatibility level is an explicit treatment-route model rationale, not a literature-derived probability.","ordinal route compatibility; not probability, profitability or optimality",P15:ROUTE:reuse_refurbish,{},NONE_REQUIRED,0,[],[],[],NOT_EXTERNAL,KEEP_DECLARED_RATIONALE_OR_STATE,,[],MODEL_RATIONALE,UNCHANGED_IF_SUPPORT_REMAINS,UNCHANGED_IF_SUPPORT_REMAINS,Non-external route rubric row.,NON_EXTERNAL_ROUTE
15,device:top_loading_or_semi_automatic_washing_machine,parts_harvest,2.0,"[1, 2, 3]",MODEL_RATIONALE,[],"Compatibility level is an explicit treatment-route model rationale, not a literature-derived probability.","ordinal route compatibility; not probability, profitability or optimality",P15:ROUTE:parts_harvest,{},NONE_REQUIRED,0,[],[],[],NOT_EXTERNAL,KEEP_DECLARED_RATIONALE_OR_STATE,,[],MODEL_RATIONALE,UNCHANGED_IF_SUPPORT_REMAINS,UNCHANGED_IF_SUPPORT_REMAINS,Non-external route rubric row.,NON_EXTERNAL_ROUTE
15,device:top_loading_or_semi_automatic_washing_machine,bulk_material_recovery,4.0,"[3, 4]",MODEL_RATIONALE,[],"Compatibility level is an explicit treatment-route model rationale, not a literature-derived probability.","ordinal route compatibility; not probability, profitability or optimality",P15:ROUTE:bulk_material_recovery,{},NONE_REQUIRED,0,[],[],[],NOT_EXTERNAL,KEEP_DECLARED_RATIONALE_OR_STATE,,[],MODEL_RATIONALE,UNCHANGED_IF_SUPPORT_REMAINS,UNCHANGED_IF_SUPPORT_REMAINS,Non-external route rubric row.,NON_EXTERNAL_ROUTE
15,device:top_loading_or_semi_automatic_washing_machine,specialist_pcb,1.0,"[1, 2]",MODEL_RATIONALE,[],"Compatibility level is an explicit treatment-route model rationale, not a literature-derived probability.","ordinal route compatibility; not probability, profitability or optimality",P15:ROUTE:specialist_pcb,{},NONE_REQUIRED,0,[],[],[],NOT_EXTERNAL,KEEP_DECLARED_RATIONALE_OR_STATE,,[],MODEL_RATIONALE,UNCHANGED_IF_SUPPORT_REMAINS,UNCHANGED_IF_SUPPORT_REMAINS,Non-external route rubric row.,NON_EXTERNAL_ROUTE
15,device:top_loading_or_semi_automatic_washing_machine,battery_specialist,1.0,"[1, 2]",MODEL_RATIONALE,[],"Compatibility level is an explicit treatment-route model rationale, not a literature-derived probability.","ordinal route compatibility; not probability, profitability or optimality",P15:ROUTE:battery_specialist,{},NONE_REQUIRED,0,[],[],[],NOT_EXTERNAL,KEEP_DECLARED_RATIONALE_OR_STATE,,[],MODEL_RATIONALE,UNCHANGED_IF_SUPPORT_REMAINS,UNCHANGED_IF_SUPPORT_REMAINS,Non-external route rubric row.,NON_EXTERNAL_ROUTE
15,device:top_loading_or_semi_automatic_washing_machine,crt_specialist,1.0,"[1, 2]",MODEL_RATIONALE,[],"Compatibility level is an explicit treatment-route model rationale, not a literature-derived probability.","ordinal route compatibility; not probability, profitability or optimality",P15:ROUTE:crt_specialist,{},NONE_REQUIRED,0,[],[],[],NOT_EXTERNAL,KEEP_DECLARED_RATIONALE_OR_STATE,,[],MODEL_RATIONALE,UNCHANGED_IF_SUPPORT_REMAINS,UNCHANGED_IF_SUPPORT_REMAINS,Non-external route rubric row.,NON_EXTERNAL_ROUTE
15,device:top_loading_or_semi_automatic_washing_machine,sorting_dismantling,2.0,"[1, 2, 3]",MODEL_RATIONALE,[],"Compatibility level is an explicit treatment-route model rationale, not a literature-derived probability.","ordinal route compatibility; not probability, profitability or optimality",P15:ROUTE:sorting_dismantling,{},NONE_REQUIRED,0,[],[],[],NOT_EXTERNAL,KEEP_DECLARED_RATIONALE_OR_STATE,,[],MODEL_RATIONALE,UNCHANGED_IF_SUPPORT_REMAINS,UNCHANGED_IF_SUPPORT_REMAINS,Non-external route rubric row.,NON_EXTERNAL_ROUTE
15,device:top_loading_or_semi_automatic_washing_machine,residual_treatment,1.0,"[1, 2]",MODEL_RATIONALE,[],"Compatibility level is an explicit treatment-route model rationale, not a literature-derived probability.","ordinal route compatibility; not probability, profitability or optimality",P15:ROUTE:residual_treatment,{},NONE_REQUIRED,0,[],[],[],NOT_EXTERNAL,KEEP_DECLARED_RATIONALE_OR_STATE,,[],MODEL_RATIONALE,UNCHANGED_IF_SUPPORT_REMAINS,UNCHANGED_IF_SUPPORT_REMAINS,Non-external route rubric row.,NON_EXTERNAL_ROUTE
