parent_id,dimension,reference,typical_min,typical_max,reference_level_retention
0,RRP,,,,
0,WRO,,,,
0,CSO,,,,
0,TPC,,,,
1,RRP,4.0,3.0,4.0,0.30859375
1,WRO,3.0,2.0,3.0,0.5
1,CSO,3.0,2.0,4.0,0.33203125
1,TPC,3.0,2.0,3.0,0.51953125
2,RRP,4.0,3.0,4.0,0.35546875
2,WRO,,,,
2,CSO,4.0,3.0,4.0,0.2421875
2,TPC,4.0,3.0,4.0,0.70703125
3,RRP,1.0,1.0,2.0,0.5
3,WRO,,,,
3,CSO,2.0,1.0,3.0,0.33984375
3,TPC,1.0,1.0,2.0,0.390625
4,RRP,2.0,2.0,3.0,0.62109375
4,WRO,,,,
4,CSO,3.0,2.0,3.0,0.23046875
4,TPC,2.0,2.0,3.0,0.51953125
5,RRP,1.0,1.0,2.0,0.5
5,WRO,,,,
5,CSO,2.0,1.0,3.0,0.32421875
5,TPC,1.0,1.0,2.0,0.41015625
6,RRP,4.0,3.0,4.0,0.375
6,WRO,4.0,3.0,4.0,0.24609375
6,CSO,4.0,3.0,4.0,0.2421875
6,TPC,3.0,2.0,3.0,0.75390625
7,RRP,3.0,2.0,3.0,0.390625
7,WRO,,,,
7,CSO,2.0,1.0,3.0,0.29296875
7,TPC,2.0,2.0,3.0,0.50390625
8,RRP,,,,
8,WRO,,,,
8,CSO,,,,
8,TPC,,,,
9,RRP,2.0,2.0,3.0,0.6328125
9,WRO,1.0,1.0,2.0,0.5
9,CSO,2.0,1.0,3.0,0.50390625
9,TPC,3.0,2.0,3.0,0.53125
10,RRP,,,,
10,WRO,,,,
10,CSO,2.0,1.0,3.0,0.30859375
10,TPC,4.0,3.0,4.0,0.65234375
11,RRP,3.0,3.0,4.0,0.765625
11,WRO,,,,
11,CSO,3.0,2.0,3.0,0.26171875
11,TPC,2.0,2.0,3.0,0.49609375
12,RRP,2.0,2.0,3.0,0.62890625
12,WRO,,,,
12,CSO,2.0,1.0,2.0,0.24609375
12,TPC,4.0,4.0,4.0,1.0
13,RRP,2.0,1.0,2.0,0.5
13,WRO,,,,
13,CSO,3.0,2.0,3.0,0.26171875
13,TPC,2.0,1.0,2.0,0.73046875
14,RRP,2.0,1.0,2.0,0.5
14,WRO,,,,
14,CSO,3.0,2.0,3.0,0.22265625
14,TPC,1.0,1.0,2.0,0.43359375
15,RRP,3.0,3.0,4.0,0.7734375
15,WRO,,,,
15,CSO,3.0,2.0,3.0,0.23828125
15,TPC,2.0,2.0,3.0,0.49609375
