removed_source_id,claim_id,parent_id,route_id,removed_source_role,before_origin,before_reference_level,before_allowed_levels,support_logic,ablation_outcome,after_origin,after_reference_level,after_allowed_levels,reason
E002,P01:ROUTE:reuse_refurbish,1,reuse_refurbish,CONTEXT_ONLY,LITERATURE_SYNTHESIS,4.0,"[3, 4]",PRIMARY_REQUIRED,ANCHOR_SURVIVES_UNCHANGED,LITERATURE_REMAINING_AFTER_ABLATION,4.0,"[3, 4]",CONTEXT_ONLY source removed; remaining manually reviewed support is sufficient.
E002,P03:ROUTE:reuse_refurbish,3,reuse_refurbish,CONTEXT_ONLY,LITERATURE_SYNTHESIS,3.0,"[2, 3]",PRIMARY_REQUIRED,ANCHOR_SURVIVES_UNCHANGED,LITERATURE_REMAINING_AFTER_ABLATION,3.0,"[2, 3]",CONTEXT_ONLY source removed; remaining manually reviewed support is sufficient.
E002,P04:ROUTE:reuse_refurbish,4,reuse_refurbish,CONTEXT_ONLY,LITERATURE_SYNTHESIS,3.0,"[2, 3]",PRIMARY_REQUIRED,ANCHOR_SURVIVES_UNCHANGED,LITERATURE_REMAINING_AFTER_ABLATION,3.0,"[2, 3]",CONTEXT_ONLY source removed; remaining manually reviewed support is sufficient.
E002,P05:ROUTE:reuse_refurbish,5,reuse_refurbish,CONTEXT_ONLY,LITERATURE_SYNTHESIS,3.0,"[2, 3]",PRIMARY_REQUIRED,ANCHOR_SURVIVES_UNCHANGED,LITERATURE_REMAINING_AFTER_ABLATION,3.0,"[2, 3]",CONTEXT_ONLY source removed; remaining manually reviewed support is sufficient.
E002,P06:ROUTE:reuse_refurbish,6,reuse_refurbish,CONTEXT_ONLY,LITERATURE_SYNTHESIS,4.0,"[3, 4]",PRIMARY_REQUIRED,ANCHOR_SURVIVES_UNCHANGED,LITERATURE_REMAINING_AFTER_ABLATION,4.0,"[3, 4]",CONTEXT_ONLY source removed; remaining manually reviewed support is sufficient.
E002,P09:ROUTE:reuse_refurbish,9,reuse_refurbish,CONTEXT_ONLY,LITERATURE_SYNTHESIS,3.0,"[2, 3]",PRIMARY_REQUIRED,ANCHOR_SURVIVES_UNCHANGED,LITERATURE_REMAINING_AFTER_ABLATION,3.0,"[2, 3]",CONTEXT_ONLY source removed; remaining manually reviewed support is sufficient.
E005,P02:ROUTE:specialist_pcb,2,specialist_pcb,PRIMARY,DIRECT_LITERATURE,4.0,[4],ALL,ANCHOR_DOWNGRADES_TO_MODEL_RATIONALE,MODEL_RATIONALE_AFTER_SOURCE_ABLATION,3.0,"[2, 3, 4]",Required external support fails; predeclared model-rationale fallback is used.
E006,P10:ROUTE:battery_specialist,10,battery_specialist,CORROBORATING,LITERATURE_SYNTHESIS,4.0,[4],PRIMARY_REQUIRED,ANCHOR_SURVIVES_BUT_BROADENS,LITERATURE_REDUCED_AFTER_SOURCE_ABLATION,4.0,"[3, 4]",CORROBORATING source removed; remaining claim support passes but precision is reduced.
E008,P12:ROUTE:crt_specialist,12,crt_specialist,PRIMARY,DIRECT_LITERATURE,4.0,[4],PRIMARY_REQUIRED,ANCHOR_DOWNGRADES_TO_MODEL_RATIONALE,MODEL_RATIONALE_AFTER_SOURCE_ABLATION,3.0,"[2, 3, 4]",Required external support fails; predeclared model-rationale fallback is used.
E009,P02:ROUTE:specialist_pcb,2,specialist_pcb,PRIMARY,DIRECT_LITERATURE,4.0,[4],ALL,ANCHOR_DOWNGRADES_TO_MODEL_RATIONALE,MODEL_RATIONALE_AFTER_SOURCE_ABLATION,3.0,"[2, 3, 4]",Required external support fails; predeclared model-rationale fallback is used.
E011,P03:ROUTE:reuse_refurbish,3,reuse_refurbish,PRIMARY,LITERATURE_SYNTHESIS,3.0,"[2, 3]",PRIMARY_REQUIRED,ANCHOR_DOWNGRADES_TO_MODEL_RATIONALE,MODEL_RATIONALE_AFTER_SOURCE_ABLATION,2.0,"[1, 2, 3]",Required external support fails; predeclared model-rationale fallback is used.
E011,P04:ROUTE:reuse_refurbish,4,reuse_refurbish,PRIMARY,LITERATURE_SYNTHESIS,3.0,"[2, 3]",PRIMARY_REQUIRED,ANCHOR_DOWNGRADES_TO_MODEL_RATIONALE,MODEL_RATIONALE_AFTER_SOURCE_ABLATION,2.0,"[1, 2, 3]",Required external support fails; predeclared model-rationale fallback is used.
E011,P05:ROUTE:reuse_refurbish,5,reuse_refurbish,PRIMARY,LITERATURE_SYNTHESIS,3.0,"[2, 3]",PRIMARY_REQUIRED,ANCHOR_DOWNGRADES_TO_MODEL_RATIONALE,MODEL_RATIONALE_AFTER_SOURCE_ABLATION,2.0,"[1, 2, 3]",Required external support fails; predeclared model-rationale fallback is used.
E011,P06:ROUTE:reuse_refurbish,6,reuse_refurbish,PRIMARY,LITERATURE_SYNTHESIS,4.0,"[3, 4]",PRIMARY_REQUIRED,ANCHOR_DOWNGRADES_TO_MODEL_RATIONALE,MODEL_RATIONALE_AFTER_SOURCE_ABLATION,3.0,"[2, 3, 4]",Required external support fails; predeclared model-rationale fallback is used.
E011,P09:ROUTE:reuse_refurbish,9,reuse_refurbish,PRIMARY,LITERATURE_SYNTHESIS,3.0,"[2, 3]",PRIMARY_REQUIRED,ANCHOR_DOWNGRADES_TO_MODEL_RATIONALE,MODEL_RATIONALE_AFTER_SOURCE_ABLATION,2.0,"[1, 2, 3]",Required external support fails; predeclared model-rationale fallback is used.
E012,P01:ROUTE:reuse_refurbish,1,reuse_refurbish,PRIMARY,LITERATURE_SYNTHESIS,4.0,"[3, 4]",PRIMARY_REQUIRED,ANCHOR_DOWNGRADES_TO_MODEL_RATIONALE,MODEL_RATIONALE_AFTER_SOURCE_ABLATION,3.0,"[2, 3, 4]",Required external support fails; predeclared model-rationale fallback is used.
E013,P10:ROUTE:battery_specialist,10,battery_specialist,PRIMARY,LITERATURE_SYNTHESIS,4.0,[4],PRIMARY_REQUIRED,ANCHOR_DOWNGRADES_TO_MODEL_RATIONALE,MODEL_RATIONALE_AFTER_SOURCE_ABLATION,3.0,"[2, 3, 4]",Required external support fails; predeclared model-rationale fallback is used.
