rule_id,stage,structure_id,parent_id,target_kind,target_id,action,central_policy,semantic_confidence,redundancy_group,anchor_origin,rationale,scenario_actions
F_PHONE_INTACT,fine,0,1,criterion,WRO_B_visual_integrity,SET_3,CENTRAL,high,phone_condition,FROZEN_SEMANTIC,No obvious severe screen breakage supports moderate-high visible integrity; not functionality.,"[""SET_2"", ""SET_3""]"
F_PHONE_INTACT_REUSE,fine,0,1,route,reuse_refurbish,UP_1,CENTRAL,high,phone_condition,MODEL_RATIONALE,Intact-looking presentation modestly raises reuse-route compatibility.,"[""UP_1""]"
F_PHONE_CRACK,fine,1,1,criterion,WRO_B_visual_integrity,SET_1,CENTRAL,high,phone_condition,FROZEN_SEMANTIC,Cracked/shattered display is direct negative whole-device visual condition evidence.,"[""SET_1"", ""SET_2""]"
F_PHONE_CRACK_REUSE,fine,1,1,route,reuse_refurbish,DOWN_1,CENTRAL,high,phone_condition,MODEL_RATIONALE,Crack lowers whole-device reuse compatibility.,"[""DOWN_1""]"
F_PHONE_CRACK_PARTS,fine,1,1,route,parts_harvest,UP_1,CENTRAL,high,phone_condition,MODEL_RATIONALE,Visible damage shifts relative compatibility toward parts harvesting.,"[""UP_1""]"
F_PCB_BULK_SORT,fine,4,2,route,sorting_dismantling,UP_1,CENTRAL,high,pcb_bulk,MODEL_RATIONALE,Bulk board collection raises sorting/handling relevance.,"[""UP_1""]"
F_PCB_IC_FEED,fine,5,2,criterion,RRP_C_feed_specificity,UP_1,CENTRAL,high,pcb_ic,LITERATURE_SYNTHESIS,Loose IC/processor packages are a more concentrated specialist component feed.,"[""UP_1""]"
F_PCB_IC_CSO,fine,5,2,criterion,CSO_C_component_specificity,UP_1,CENTRAL,high,pcb_ic,LITERATURE_SYNTHESIS,Identified IC/processor packages increase component specificity.,"[""UP_1""]"
F_PCB_IC_ROUTE,fine,5,2,route,specialist_pcb,UP_1,CENTRAL,high,pcb_ic,LITERATURE_SYNTHESIS,IC/CPU component feed strongly fits specialist e-scrap recovery.,"[""UP_1""]"
F_LAPTOP_OPEN_WRO,fine,10,6,criterion,WRO_C_configuration_completeness,SET_4,CENTRAL_WITH_NO_EFFECT_SENSITIVITY,high,laptop_configuration,FROZEN_SEMANTIC,Open laptop is visibly a coherent whole-device configuration; not functionality evidence.,"[""SET_3"", ""SET_4""]"
F_LAPTOP_OPEN_CSO,fine,10,6,criterion,CSO_B_accessibility_dismantling,SET_3,CENTRAL_WITH_NO_EFFECT_SENSITIVITY,high,laptop_configuration,MODEL_RATIONALE,Open configuration modestly increases component accessibility.,"[""SET_2"", ""SET_3""]"
F_LAPTOP_OPEN_PARTS,fine,10,6,route,parts_harvest,UP_1,CENTRAL_WITH_NO_EFFECT_SENSITIVITY,high,laptop_configuration,MODEL_RATIONALE,Open configuration increases parts inspection/harvest compatibility.,"[""NO_CHANGE"", ""UP_1""]"
F_LAPTOP_CLOSED_WRO,fine,11,6,criterion,WRO_C_configuration_completeness,SET_4,CENTRAL_WITH_NO_EFFECT_SENSITIVITY,high,laptop_configuration,FROZEN_SEMANTIC,Closed individual laptop remains a coherent complete-device configuration.,"[""SET_3"", ""SET_4""]"
F_LAPTOP_DMG_WRO,fine,12,6,criterion,WRO_B_visual_integrity,SET_1,SENSITIVITY_ONLY,medium,laptop_integrity,FROZEN_SEMANTIC,Medium-confidence dismantled/damaged fine semantic enters sensitivity only.,"[""NO_CHANGE"", ""SET_1"", ""SET_2""]"
F_LAPTOP_DMG_CSO,fine,12,6,criterion,CSO_B_accessibility_dismantling,SET_4,SENSITIVITY_ONLY,medium,laptop_integrity,MODEL_RATIONALE,Dismantling can strongly expose parts; medium-confidence fine semantic remains sensitivity-only.,"[""NO_CHANGE"", ""SET_3"", ""SET_4""]"
F_TURNTABLE_CONSOLE,fine,27,14,criterion,TPC_B_separation_complexity,UP_1,CENTRAL_WITH_NO_EFFECT_SENSITIVITY,medium-high,turntable_form,MODEL_RATIONALE,Integrated console form plausibly raises disassembly complexity.,"[""NO_CHANGE"", ""UP_1""]"
F_TURNTABLE_CONSOLE_PARTS,fine,27,14,route,parts_harvest,UP_1,CENTRAL_WITH_NO_EFFECT_SENSITIVITY,medium-high,turntable_form,MODEL_RATIONALE,Integrated console may increase parts-harvest relevance.,"[""NO_CHANGE"", ""UP_1""]"
R_PHONE_INTACT,raw_visual,3,1,criterion,WRO_B_visual_integrity,SET_3,CENTRAL,high,phone_condition,FROZEN_SEMANTIC,Accepted raw intact-looking phone condition leaf.,"[""SET_2"", ""SET_3""]"
R_PHONE_CRACK,raw_visual,4,1,criterion,WRO_B_visual_integrity,SET_1,CENTRAL,high,phone_condition,FROZEN_SEMANTIC,Accepted raw cracked-phone condition leaf.,"[""SET_1"", ""SET_2""]"
R_PCB_DEBRIS,raw_visual,8,2,criterion,RRP_C_feed_specificity,DOWN_1,CENTRAL_WITH_NO_EFFECT_SENSITIVITY,medium-high,pcb_debris,FROZEN_SEMANTIC,PCB scrap mixed with wires/debris is less feed-specific.,"[""NO_CHANGE"", ""DOWN_1""]"
R_PCB_DEBRIS_SORT,raw_visual,8,2,route,sorting_dismantling,UP_1,CENTRAL_WITH_NO_EFFECT_SENSITIVITY,medium-high,pcb_debris,MODEL_RATIONALE,Mixed board/debris presentation raises sorting relevance.,"[""NO_CHANGE"", ""UP_1""]"
R_PCB_DEBRIS_SPEC,raw_visual,8,2,route,specialist_pcb,DOWN_1,CENTRAL_WITH_NO_EFFECT_SENSITIVITY,medium-high,pcb_debris,MODEL_RATIONALE,Unsorted mixed debris is less directly compatible with specialist PCB feed.,"[""NO_CHANGE"", ""DOWN_1""]"
R_LAPTOP_DMG_WRO,raw_visual,23,6,criterion,WRO_B_visual_integrity,SET_1,CENTRAL,high,laptop_integrity,FROZEN_SEMANTIC,High-confidence dismantled/damaged laptop raw leaf lowers whole-device opportunity.,"[""SET_1"", ""SET_2""]"
R_LAPTOP_DMG_WRO_CONFIG,raw_visual,23,6,criterion,WRO_C_configuration_completeness,SET_1,CENTRAL,high,laptop_integrity,FROZEN_SEMANTIC,Dismantled laptop is not a coherent whole-device configuration.,"[""SET_1"", ""SET_2""]"
R_LAPTOP_DMG_CSO,raw_visual,23,6,criterion,CSO_B_accessibility_dismantling,SET_4,CENTRAL,high,laptop_integrity,MODEL_RATIONALE,Exposed/dismantled components strongly increase component accessibility.,"[""SET_3"", ""SET_4""]"
R_LAPTOP_DMG_REUSE,raw_visual,23,6,route,reuse_refurbish,DOWN_1,CENTRAL,high,laptop_integrity,MODEL_RATIONALE,Dismantled presentation lowers whole-device reuse compatibility.,"[""DOWN_1""]"
R_LAPTOP_DMG_PARTS,raw_visual,23,6,route,parts_harvest,UP_1,CENTRAL,high,laptop_integrity,MODEL_RATIONALE,Dismantled state raises parts-harvest compatibility.,"[""UP_1""]"
R_LAPTOP_DMG_SORT,raw_visual,23,6,route,sorting_dismantling,UP_1,CENTRAL,high,laptop_integrity,MODEL_RATIONALE,Dismantled/scrap state raises sorting relevance.,"[""UP_1""]"
R_LAPTOP_DMG_TPC,raw_visual,23,6,criterion,TPC_B_separation_complexity,UP_1,CENTRAL,high,laptop_integrity,MODEL_RATIONALE,Dismantled mixed component presentation increases separation/sorting burden.,"[""UP_1""]"
R_DISPLAY_CRACK,raw_visual,31,9,criterion,WRO_B_visual_integrity,SET_1,CENTRAL,high,display_condition,FROZEN_SEMANTIC,Cracked/malfunctioning-looking display lowers whole-device visible integrity.,"[""SET_1"", ""SET_2""]"
R_DISPLAY_CRACK_REUSE,raw_visual,31,9,route,reuse_refurbish,DOWN_1,CENTRAL,high,display_condition,MODEL_RATIONALE,Cracked display lowers reuse compatibility.,"[""DOWN_1""]"
R_DISPLAY_CRACK_PARTS,raw_visual,31,9,route,parts_harvest,UP_1,CENTRAL,high,display_condition,MODEL_RATIONALE,Damaged display shifts relative compatibility toward parts.,"[""UP_1""]"
R_DISPLAY_ACTIVE,raw_visual,32,9,criterion,WRO_B_visual_integrity,SET_3,CENTRAL,high,display_active,FROZEN_SEMANTIC,"Active-looking screen is positive visual presentation evidence, not functionality probability.","[""SET_2"", ""SET_3""]"
R_DISPLAY_ACTIVE_REUSE,raw_visual,32,9,route,reuse_refurbish,UP_1,CENTRAL,high,display_active,MODEL_RATIONALE,Active presentation modestly raises reuse inspection compatibility.,"[""UP_1""]"
