source_id,dimension,affected_anchors,unchanged_anchors,broadened_anchors,downgraded_anchors,unsupported_anchors,changed_images,newly_unresolved_images
E001,RRP,19,7,2,0,10,2113,2113
E001,WRO,0,0,0,0,0,0,0
E001,CSO,0,0,0,0,0,0,0
E001,TPC,0,0,0,0,0,0,0
E002,RRP,9,9,0,0,0,0,0
E002,WRO,11,11,0,0,0,0,0
E002,CSO,5,5,0,0,0,0,0
E002,TPC,18,15,0,3,0,0,0
E003,RRP,0,0,0,0,0,0,0
E003,WRO,0,0,0,0,0,0,0
E003,CSO,0,0,0,0,0,0,0
E003,TPC,16,2,3,11,0,0,0
E004,RRP,0,0,0,0,0,0,0
E004,WRO,0,0,0,0,0,0,0
E004,CSO,0,0,0,0,0,0,0
E004,TPC,2,0,2,0,0,0,0
E005,RRP,7,1,0,6,0,0,0
E005,WRO,0,0,0,0,0,0,0
E005,CSO,2,0,2,0,0,0,0
E005,TPC,2,0,0,2,0,0,0
E006,RRP,2,1,1,0,0,0,0
E006,WRO,0,0,0,0,0,0,0
E006,CSO,0,0,0,0,0,0,0
E006,TPC,2,0,2,0,0,0,0
E007,RRP,5,0,1,2,2,293,293
E007,WRO,0,0,0,0,0,0,0
E007,CSO,0,0,0,0,0,0,0
E007,TPC,2,2,0,0,0,0,0
E008,RRP,3,0,0,0,3,168,168
E008,WRO,1,0,0,0,1,0,0
E008,CSO,2,2,0,0,0,0,0
E008,TPC,3,0,0,0,3,168,168
E009,RRP,3,0,0,2,1,344,344
E009,WRO,0,0,0,0,0,0,0
E009,CSO,2,0,0,0,2,344,344
E009,TPC,3,0,0,3,0,0,0
E010,RRP,14,2,3,9,0,0,0
E010,WRO,0,0,0,0,0,0,0
E010,CSO,0,0,0,0,0,0,0
E010,TPC,15,7,4,4,0,0,0
E011,RRP,2,0,0,2,0,0,0
E011,WRO,5,0,0,0,5,278,278
E011,CSO,6,4,0,2,0,0,0
E011,TPC,3,0,0,3,0,0,0
E012,RRP,3,1,0,2,0,0,0
E012,WRO,1,0,0,0,1,364,364
E012,CSO,2,0,0,2,0,0,0
E012,TPC,2,0,0,2,0,0,0
E013,RRP,1,0,0,1,0,0,0
E013,WRO,0,0,0,0,0,0,0
E013,CSO,0,0,0,0,0,0,0
E013,TPC,3,0,0,3,0,0,0
