figure,sha256
01_semantic_river.png,baceb2e4b98c3a9b75478525d0cf34efc5740f1cf856a2b72d742c1aab239d43
01_semantic_river.svg,95dfac2d0858de354ac5ab34c993f67b0b198be7790d7f77bb5f663c0fefc3af
02a_semantic_parent_atlas_P00_P07.png,fe4594eb85d7e9a3558438e5c2b7221e360c0b4a4cd1353bc4df1426531cd590
02b_semantic_parent_atlas_P08_P15.png,34cf294c8675650b856679f8ec2f9143d9ce0f22b501c62955c2febfce190cdd
03_frozen_pca_constellation.png,7468f14ca1f68fa0924d0b152cc647b0469ca8b12124a4d9442fa8306f7c6a06
03_frozen_pca_constellation.svg,86c142b985289a1f6ac043b376614c6b7f685962a5c4f5ae767bffe2507ff394
04_tsne_frozen_representation.png,f2538411509ac18746bf20625169467475a59aaff40cce7e51f0141206c8d5a4
04_tsne_frozen_representation.svg,37c80c7ae565b47b4c6dc90a1fe813fa9447e0c0a459844059a55dc895e5f716
06_parent_centroid_hierarchy.png,a43cb0cb3466bba1e49c878f0c19170a6d26a45b7d2e3bbecc3fb478ebdc37c5
06_parent_centroid_hierarchy.svg,e844d1beb679d699f046e14172fd4b7b903ed94254bec79e056043eda60e7818
07_parent_centroid_similarity_matrix.png,8ca6894d6be68389565a58970514f75e7d1f77e11116ae81cc6b29b215b366d7
07_parent_centroid_similarity_matrix.svg,8ddbb4daa3ce71612514b5b5d4ac0d9302ae26c6d3d52e608b9efc17366eeaed
08_raw_visual_role_matrix.png,309b1571e72db03f5c171b6f1ff55e0f2b55c756e07852c704914a4fc0f8ab8c
08_raw_visual_role_matrix.svg,c856bde5ac3bba6aa4119962ab01c6d70f23908e455a686769a1ba123b4f9745
09_global_factor_decision_lens.png,daa5ecebd23ecda8be7c00dbdd8902463d89ac7cd23d0021bcaaa22e21bfe957
09_global_factor_decision_lens.svg,0aad37b8a0489ed616a4a07c4471e1abce50bd02a630811ec67fa212779cfb55
10_coverage_and_semantic_composition.png,6fee52697b745b2d523648748eb45e0b0a1ea76103c5c751b673d5cabd0962d3
10_coverage_and_semantic_composition.svg,08e30c27e475202a351b8843bcce09e26a548e12009273ac5c6360ee4770323e
