scope,parent_id,factor_id,axis_name,low_side,high_side,role,status,confidence,rationale
global,,0,Unresolved residual variation,No repeatable low-side cue.,No repeatable high-side cue; some inconsistent framing/viewpoint variation.,ambiguous,ambiguous,low,Stable numerically but no defensible semantic axis.
global,,1,Object integrity / presentation organization,"More dismantled, broken, bulk or disordered presentations.","More coherent, intact-looking, singly presented objects.",continuous_attribute,accepted_attribute,medium,Repeatable cross-family organization/integrity cue; not calibrated damage.
global,,2,Front-faced appliance/display morphology,More varied non-front-faced/non-appliance forms.,Front-facing appliance/display-like forms dominate.,identity_redundant,identity_redundant,high,Re-expresses known identity/raw structure.
global,,3,Unresolved clean residual factor,No stable repeatable low-side cue.,No stable repeatable high-side cue.,ambiguous,ambiguous,low,"Very stable, low leakage, but no defensible visual meaning."
global,,5,Possible aspect/profile/orientation residual,Broader/front-facing presentation.,Elongated or side-profile/oriented presentation.,ambiguous,ambiguous,medium-low,Plausible but insufficiently consistent.
global,,7,Color / illumination presentation,More neutral/less saturated presentation.,"Warmer, more saturated or colored illumination/presentation.",nuisance,nuisance_context,medium-low,"Presentation/illumination, not object semantics."
global,,8,Compact small-object / framing morphology,Larger/broader object presentation or other family morphology.,Compact/small-object framing and morphology.,identity_redundant,identity_redundant,medium,Entangled with identity/raw leaves.
global,,9,Unresolved configuration / scene complexity residual,No consistent low-side cue beyond mixed configuration/scene variation.,No consistent high-side cue beyond mixed configuration/scene variation.,ambiguous,ambiguous,low,No clean recurring semantic axis.
global,,10,Crop / framing scale,Whole-object or wider framing.,Detail-oriented or close crop.,viewpoint,nuisance_context,high,Repeatable framing nuisance axis.
global,,11,Scene multiplicity / clutter,Isolated single object.,"Multi-object, cluttered or bulk scene.",continuous_attribute,accepted_attribute,high,Strong repeatable scene-composition attribute.
global,,12,Contextual framing versus object-centric detail,Object-centric or detail-oriented framing.,"Wide, in-situ or contextual framing.",viewpoint,nuisance_context,medium-high,Stable framing/context nuisance axis.
global,,14,Battery / pack / cell morphology identity,Non-battery family morphology.,Battery/pack/cell morphology concentrated in battery family.,identity_redundant,identity_redundant,high,Re-expresses battery identity/form.
global,,19,Possible enclosure styling residual,Darker/other enclosure styling.,Light/pale/legacy-looking enclosure styling.,ambiguous,ambiguous,medium-low,Intertwined with product families/subtypes.
global,,20,Small component / battery-like form-factor identity,Larger/non-component forms.,Small component/battery-like scale and form.,identity_redundant,identity_redundant,medium,Mostly known family/form identity.
global,,22,Frontal product-style versus oblique in-situ view,More oblique or in-situ framing.,Cleaner frontal/product-like framing.,viewpoint,nuisance_context,medium,"Viewpoint/acquisition, not taxonomy."
global,,23,Enclosure visual styling,"Darker, more contemporary-looking enclosure appearance.","Light/beige, legacy-looking enclosure appearance.",continuous_attribute,accepted_attribute,medium,Repeatable styling axis; apparent era is visual only.
family,0,2,Unresolved residual-family variation,No repeatable low-side cue.,No repeatable high-side cue.,ambiguous,ambiguous,low,Residual parent heterogeneity prevents stable cue.
family,0,3,Residual object scale / context,Bulkier or context-heavy residual imagery.,Smaller/compact object with sparser frame.,viewpoint,nuisance_context,medium,Identity-matched HIGH-vs-LOW review contrasts Smaller/compact object with sparser frame. against Bulkier or context-heavy residual imagery.; retained with status nuisance_context rather than converted into a categorical label.
family,1,2,Phone framing scale / viewpoint,"Tighter, more frontal phone crop.",Phone occupies less of frame or appears more obliquely/contextually.,viewpoint,nuisance_context,high,Strong nuisance R2; not phone condition.
family,2,1,PCB installed/handled/dirty versus clean isolated presentation,Cleaner isolated PCB presentation.,"Installed, handled, dirty or underside board presentation.",continuous_attribute,accepted_attribute,medium,Meaningful state/presentation cue with acquisition contamination.
family,3,0,Mouse profile/color residual,Rounded/conventional tendencies without stable single cue.,Elongation/color/profile variation.,ambiguous,ambiguous,medium-low,Not separable enough for clean alias.
family,3,3,Mouse angularity / unconventional form,Rounded conventional mouse form.,"Flatter, angular or unconventional mouse form.",continuous_attribute,accepted_attribute,medium,"Identity-matched HIGH-vs-LOW review contrasts Flatter, angular or unconventional mouse form. against Rounded conventional mouse form.; retained with status accepted_attribute rather than converted into a categorical label."
family,4,1,Printer boxiness / presentation residual,"Wider, conventional printer presentation.",Taller/boxier/specialized-printer presentation.,ambiguous,nuisance_context,medium-low,Acquisition contamination prevents cleaner product-form claim.
family,5,0,Keyboard compactness / nonstandard form,Conventional full-size keyboard form.,"Compact, low-profile, ergonomic or nonstandard form.",continuous_attribute,accepted_attribute,medium,Useful form axis with high nuisance R2.
family,5,1,Keyboard desk-context presentation,Cleaner isolated keyboard.,Keyboard embedded in desk/use context.,scene_context,nuisance_context,high,Identity-matched HIGH-vs-LOW review contrasts Keyboard embedded in desk/use context. against Cleaner isolated keyboard.; retained with status nuisance_context rather than converted into a categorical label.
family,6,0,Laptop integrity / dismantling state,"Dismantled, bulk or scrap laptop presentation.",Coherent individual laptop presentation.,condition,accepted_attribute,medium-high,Condition/configuration signal; not calibrated damage.
family,6,2,Laptop open/display-forward versus chassis-oriented configuration,Chassis/closed/dismantled-oriented view.,Open or display-forward laptop view.,configuration,accepted_attribute,medium,Overlaps fine/raw structure and nuisance.
family,7,1,Microwave catalog versus used/in-situ presentation,Older/used/in-situ presentation.,Clean modern/catalog-like facade presentation.,acquisition_style,nuisance_context,medium-high,Consistent with raw-leaf acquisition warning.
family,8,0,E-waste scene density / object identifiability,Dense mixed heap.,Sparser scene with more identifiable individual units.,scene_context,accepted_attribute,high,Scene morphology is meaningful for scene family.
family,8,1,E-waste scene scale / heap organization,Closer/object-scale or less expansive heap.,Larger-scale or more expansive heap.,scene_context,accepted_attribute,medium,Redundant with F13/F14 and L26/L27.
family,8,2,Display-rich versus heterogeneous e-waste composition,More heterogeneous/component-rich waste.,More display/monitor-rich scene composition.,scene_context,accepted_attribute,medium,Identity-matched HIGH-vs-LOW review contrasts More display/monitor-rich scene composition. against More heterogeneous/component-rich waste.; retained with status accepted_attribute rather than converted into a categorical label.
family,8,4,Sorted/organized versus fragmented mixed scrap,Fragmented/chaotic mixed scrap.,More sorted/organized whole-device accumulation.,scene_context,accepted_attribute,medium,Identity-matched HIGH-vs-LOW review contrasts More sorted/organized whole-device accumulation. against Fragmented/chaotic mixed scrap.; retained with status accepted_attribute rather than converted into a categorical label.
family,9,0,Display product-shot versus in-situ context,Desk/in-situ display context.,Isolated/catalog display presentation.,acquisition_style,nuisance_context,high,Fine-redundant acquisition axis; documented background confound.
family,9,1,Display screen-state / illumination presentation,Darker/off display presentation.,"More visible screen content/illumination, with some damage contamination.",configuration,nuisance_context,medium,"Screen state, illumination and condition are mixed."
family,10,1,Elongated laptop-battery-pack morphology,Other battery/cell forms.,Elongated laptop-battery-pack morphology.,component_subtype,accepted_attribute,medium-high,Raw-leaf redundant.
family,10,2,Compact flat pack versus long/cylindrical/rail forms,"Long, cylindrical or rail-like forms.",Compact flat battery pack form.,component_subtype,accepted_attribute,medium,"Identity-matched HIGH-vs-LOW review contrasts Compact flat battery pack form. against Long, cylindrical or rail-like forms.; retained with status accepted_attribute rather than converted into a categorical label."
family,10,3,Prismatic pack versus cylindrical/rail battery morphology,Cylindrical/long-rail battery morphology.,Rectangular/prismatic battery-pack morphology.,component_subtype,accepted_attribute,medium-high,Strong raw-leaf redundancy.
family,11,0,Washer door/front-face prominence / close crop,Wider or less front-face-dominant view.,Door/front-face prominence and closer crop.,viewpoint,nuisance_context,medium,Identity-matched HIGH-vs-LOW review contrasts Door/front-face prominence and closer crop. against Wider or less front-face-dominant view.; retained with status nuisance_context rather than converted into a categorical label.
family,11,1,Front-load washer in-situ versus clean product presentation,Clean white/catalog-like product view.,"Used, in-situ or colored washer presentation.",acquisition_style,nuisance_context,high,Matches raw-leaf acquisition warning.
family,14,1,Integrated cabinet versus standalone turntable styling,More open-deck/standalone styling.,More integrated/cabinet/ornate housing styling.,device_subtype,accepted_attribute,medium,Meaningful form axis with discrete/acquisition overlap.
