parent_id,interpretation,condition_relevance,nuisance_risk,confidence,rationale
0,"General local atypicality in a heterogeneous residual family: rare local content, hands/interaction, odd parts, unusual screens/backgrounds.",low,high,low,Residual family makes semantics weak.
1,"Phone-local configuration/condition/context atypicality: unusual edges/ports, handling, exposed hardware, partial disassembly and sometimes screen defects.",medium,medium,medium-high,Not specifically a crack score.
2,"Component-layout/morphology atypicality: unusual large components, connectors, board regions, rare layouts, dirty or installed details.",low-medium,medium,high,High/middle/low montage and heatmap review supports this as identity-relative local visual deviation; condition relevance is low-medium and nuisance risk is medium.
3,"Local design-feature/viewpoint atypicality: unusual button/wheel/cable regions, rare shapes, close crops and atypical styling.",low,medium,medium-high,High/middle/low montage and heatmap review supports this as identity-relative local visual deviation; condition relevance is low and nuisance risk is medium.
4,"Component/configuration atypicality: open trays, exposed internals, specialist front panels and unusual printer mechanisms.",medium,medium,high,High/middle/low montage and heatmap review supports this as identity-relative local visual deviation; condition relevance is medium and nuisance risk is medium.
5,"Layout/form/configuration atypicality: uncommon key layouts, edge/profile geometry, compact/ergonomic forms and hand interaction.",low,medium,high,High/middle/low montage and heatmap review supports this as identity-relative local visual deviation; condition relevance is low and nuisance risk is medium.
6,"Strong laptop condition/configuration atypicality: broken screens, exposed chassis, stacks/parts, cracks and unusual port/chassis regions.",high,medium,high,Condition-sensitive but broader than damage.
7,Microwave facade/context atypicality: window/control-panel peculiarities and in-situ kitchen/context features.,low,high,medium-high,High/middle/low montage and heatmap review supports this as identity-relative local visual deviation; condition relevance is low and nuisance risk is high.
8,Rare-object/scene-composition atypicality: distinctive recognizable devices or stacks against repetitive heaps.,low,medium,high,High/middle/low montage and heatmap review supports this as identity-relative local visual deviation; condition relevance is low and nuisance risk is medium.
9,"Screen-state/condition/viewpoint mixture: unusual screen areas, stands, reflections/content, breakage and installation context.",medium-high,high,medium-high,Do not collapse to display damage.
10,"Form-factor/component-detail atypicality: labels, terminals/connectors, unusual pack shapes and bulk battery arrangements.",low,medium,high,High/middle/low montage and heatmap review supports this as identity-relative local visual deviation; condition relevance is low and nuisance risk is medium.
11,"Front-face/configuration/context atypicality: door/window contents, unusual geometry, paired/discarded machines and contextual details.",medium,high,medium-high,High/middle/low montage and heatmap review supports this as identity-relative local visual deviation; condition relevance is medium and nuisance risk is high.
12,"Viewpoint/cabinet-detail/state atypicality: screen content, odd angles, unusual cabinet features, antenna/edge details.",low-medium,medium,high,High/middle/low montage and heatmap review supports this as identity-relative local visual deviation; condition relevance is low-medium and nuisance risk is medium.
13,"Control-layout/form atypicality: speaker/control layouts, unusual boombox forms and stack/deck details.",low,medium,high,High/middle/low montage and heatmap review supports this as identity-relative local visual deviation; condition relevance is low and nuisance risk is medium.
14,"Configuration/style/context atypicality: platter/record/lid regions, unusual console furniture, hand interaction and bright stylistic details.",low-medium,medium-high,medium-high,High/middle/low montage and heatmap review supports this as identity-relative local visual deviation; condition relevance is low-medium and nuisance risk is medium-high.
15,"Control/configuration/acquisition atypicality: control panels, lids, unusual shapes and in-situ scenes.",low-medium,medium-high,medium-high,High/middle/low montage and heatmap review supports this as identity-relative local visual deviation; condition relevance is low-medium and nuisance risk is medium-high.
