structure_type,structure_id,parent_id,label,role,status,confidence,semantic_key,device_family,device_subtype,component_type,condition,configuration,viewpoint,scene_type,acquisition_style,rationale
parent,0,0,Mixed residual: heterogeneous small electronics / ambiguous devices and scenes,mixed_residual,mixed,low,residual:mixed_electronics,,,,,,,,,Phone/tablet-like center but heterogeneous random/boundary/outliers; preserve residual/abstention.
parent,1,1,Smartphones / handheld mobile phones,device_family,accepted,high,device:smartphone,smartphone,,,,,,,,Phone identity dominates core/random/boundary.
parent,2,2,Printed circuit boards and electronic-board/components,component_family,accepted_broad_only,high,component:electronic_board_or_component,,,electronic_board_or_component,,,,,,PCBs dominate but loose IC/CPU-style packages make PCB-only too narrow.
parent,3,3,Computer mice / pointing devices,device_family,accepted,high,device:computer_mouse,computer_mouse,,,,,,,,Highly coherent including legacy/unusual pointing-device forms.
parent,4,4,Printers / printing devices,device_family,accepted,high,device:printer,printer,,,,,,,,"Consumer, office and specialist printer forms recur."
parent,5,5,Computer keyboards,device_family,accepted,high,device:computer_keyboard,computer_keyboard,,,,,,,,"Coherent across isolated, desk-context, compact and full-size examples."
parent,6,6,Laptop / notebook computers,device_family,accepted,high,device:laptop,laptop,,,,,,,,"Open, closed and dismantled laptops remain coherent."
parent,7,7,Microwave ovens,device_family,accepted,high,device:microwave_oven,microwave_oven,,,,,,,,Strong family identity; raw split is mostly presentation/context.
parent,8,8,Mixed e-waste accumulation / scrapyard scenes,scene_context,accepted,high,scene:mixed_e_waste_accumulation,,,,,,,mixed_e_waste_accumulation,,"Scene family, not device family."
parent,9,9,Flat-panel monitors / television displays,device_family,accepted_broad_only,high,device:flat_panel_display,flat_panel_display,,,,,,,,Flat displays are coherent but monitor-vs-TV is not reliably separable.
parent,10,10,"Batteries, cells and battery packs",component_family,accepted,high,component:battery_or_cell,,,battery_or_cell,,,,,,Multiple clear pack/cell form factors.
parent,11,11,Front-loading washing machines,device_family,accepted,high,device:front_loading_washing_machine,front_loading_washing_machine,,,,,,,,Extremely coherent parent.
parent,12,12,CRT televisions / CRT displays,device_family,accepted,high,device:crt_display,crt_display,,,,,,,,Convex-screen CRT cabinet family is unambiguous.
parent,13,13,Audio playback / stereo equipment,device_family,accepted_broad_only,high,device:audio_playback_equipment,audio_playback_equipment,,,,,,,,"Boombox, personal CD and rack/deck forms form a broad audio family."
parent,14,14,Turntables / record players,device_family,accepted,high,device:turntable_record_player,turntable_record_player,,,,,,,,Standalone and integrated console styles recur.
parent,15,15,Top-loading / semi-automatic washing machines,device_family,accepted,high,device:top_loading_or_semi_automatic_washing_machine,top_loading_or_semi_automatic_washing_machine,,,,,,,,Coherent and distinct from front-loading washer family.
fine,0,1,Phone with no obvious severe screen breakage,condition,accepted,high,condition:phone_no_obvious_severe_screen_breakage,smartphone,,,no_obvious_severe_screen_breakage,,,,,Visible condition only; not proof of function.
fine,1,1,Cracked / shattered-display phone,condition,accepted,high,condition:phone_display_cracked_or_shattered,smartphone,,,display_cracked_or_shattered,,,,,Core/random/boundary review repeatedly shows cracked / shattered-display phone; the distinction is retained as condition rather than promoted to a new broad family.
fine,2,2,Isolated PCB / logic-board-like board,component_subtype,accepted,medium-high,component:pcb_logic_board_like,,,pcb_logic_board_like,,isolated_single_board,,,,"Logic-board-like is morphology, not functional diagnosis."
fine,3,2,Discrete-component / power-control-like PCB morphology,component_subtype,accepted,medium-high,component:pcb_discrete_component_or_power_control_like,,,pcb_discrete_component_or_power_control_like,,,,,,Power-control-like is visual shorthand.
fine,4,2,Bulk PCB / motherboard pile,configuration,accepted,high,config:bulk_pcb_collection,,,electronic_board_or_component,,bulk_board_collection,,component_collection,,Core/random/boundary review repeatedly shows bulk pcb / motherboard pile; the distinction is retained as configuration rather than promoted to a new broad family.
fine,5,2,Loose IC / processor-style packages,component_subtype,accepted,high,component:loose_ic_or_processor_package,,,loose_ic_or_processor_package,,,,,,Small-n but visually strong; processor-style is morphology.
fine,6,3,"Varied dark/colored, more contoured mouse forms",device_subtype,accepted,medium,form:mouse_contoured_dark_or_colored,computer_mouse,contoured_dark_or_colored_mouse_form,,,,,,,"Appearance/form grouping, not technology class."
fine,7,3,"Light/silver, smooth rounded mouse forms",device_subtype,accepted,medium,form:mouse_light_smooth_rounded,computer_mouse,light_silver_smooth_rounded_mouse_form,,,,,,,"Appearance/form grouping, not technology class."
fine,8,4,Consumer inkjet/photo/all-in-one-printer-like form,device_subtype,accepted,medium-high,subtype:printer_consumer_inkjet_photo_aio_like,printer,consumer_inkjet_photo_all_in_one_like,,,,,,,Core/random/boundary review repeatedly shows consumer inkjet/photo/all-in-one-printer-like form; the distinction is retained as device subtype rather than promoted to a new broad family.
fine,9,4,Laser/office/MFP-like printer form,device_subtype,accepted,medium-high,subtype:printer_office_laser_mfp_like,printer,office_laser_mfp_like,,,,,,,Form label remains visually qualified.
fine,10,6,Open laptop,configuration,accepted,high,config:laptop_open,laptop,,,,open,,,,Core/random/boundary review repeatedly shows open laptop; the distinction is retained as configuration rather than promoted to a new broad family.
fine,11,6,Closed / lid-down / stowed laptop,configuration,accepted,high,config:laptop_closed,laptop,,,,closed_or_lid_down,,,,Core/random/boundary review repeatedly shows closed / lid-down / stowed laptop; the distinction is retained as configuration rather than promoted to a new broad family.
fine,12,6,"Dismantled, damaged or laptop-scrap configuration",condition,accepted,medium,condition:laptop_dismantled_damaged_or_scrap,laptop,,,dismantled_damaged_or_scrap,disassembled_or_scrap,,,,Visually strong but numerically weakest accepted fine child.
fine,13,8,Object-scale mixed e-waste heap / collection,scene_context,accepted,medium-high,scene:ewaste_object_scale_heap,,,,,,,object_scale_mixed_e_waste_heap,,Core/random/boundary review repeatedly shows object-scale mixed e-waste heap / collection; the distinction is retained as scene context rather than promoted to a new broad family.
fine,14,8,Large outdoor scrapyard / landfill-scale e-waste scene,scene_context,accepted,high,scene:ewaste_large_outdoor_heap,,,,,,,large_outdoor_scrapyard_landfill,,Core/random/boundary review repeatedly shows large outdoor scrapyard / landfill-scale e-waste scene; the distinction is retained as scene context rather than promoted to a new broad family.
fine,15,9,Monitor/display photographed in an in-situ desk/room context,acquisition_style,nuisance_context,high,acquisition:display_in_situ,flat_panel_display,,,,,,desk_or_room_context,in_situ_context,"Background-only ARI ~0.52; context, not subtype."
fine,16,9,Isolated/plain-background monitor product-style image,acquisition_style,nuisance_context,high,acquisition:display_isolated_product_style,flat_panel_display,,,,,,,isolated_plain_background_product_style,Background confound; acquisition style is defensible meaning.
fine,17,10,Flat small-device / handset-style battery pack,component_subtype,accepted,high,component:battery_flat_small_device_pack,,,battery_flat_small_device_pack,,,,,,Core/random/boundary review repeatedly shows flat small-device / handset-style battery pack; the distinction is retained as component subtype rather than promoted to a new broad family.
fine,18,10,Long laptop battery pack,component_subtype,accepted,high,component:battery_laptop_pack,,,battery_laptop_pack,,,,,,Core/random/boundary review repeatedly shows long laptop battery pack; the distinction is retained as component subtype rather than promoted to a new broad family.
fine,19,10,Large terminal / lead-acid-like rectangular battery form,component_subtype,accepted,high,component:battery_large_terminal_rectangular,,,battery_large_terminal_rectangular_lead_acid_like_form,,,,,,Lead-acid-like is visual form only; chemistry unconfirmed.
fine,20,10,"Consumer replaceable cells, predominantly cylindrical",component_subtype,accepted,high,component:battery_consumer_cells,,,battery_consumer_replaceable_cells,,,,,,"Core/random/boundary review repeatedly shows consumer replaceable cells, predominantly cylindrical; the distinction is retained as component subtype rather than promoted to a new broad family."
fine,21,12,Woodgrain/side-control/older-style CRT cabinet form,device_subtype,accepted,medium-high,form:crt_woodgrain_side_control_cabinet,crt_display,woodgrain_side_control_older_style_crt_cabinet,,,,,,,Cabinet/style only; age not verified.
fine,22,12,Compact plastic/darker CRT cabinet form,device_subtype,accepted,medium-high,form:crt_compact_plastic_cabinet,crt_display,compact_plastic_darker_crt_cabinet,,,,,,,Core/random/boundary review repeatedly shows compact plastic/darker crt cabinet form; the distinction is retained as device subtype rather than promoted to a new broad family.
fine,23,13,Portable boombox / radio-CD stereo,device_subtype,accepted,high,subtype:audio_boombox_radio_cd,audio_playback_equipment,boombox_radio_cd,,,,,,,Core/random/boundary review repeatedly shows portable boombox / radio-cd stereo; the distinction is retained as device subtype rather than promoted to a new broad family.
fine,24,13,Personal portable CD-player form,device_subtype,accepted,high,subtype:audio_personal_cd_player,audio_playback_equipment,personal_portable_cd_player,,,,,,,Core/random/boundary review repeatedly shows personal portable cd-player form; the distinction is retained as device subtype rather than promoted to a new broad family.
fine,25,13,Hi-fi deck / component audio player,device_subtype,accepted,high,subtype:audio_hifi_component_deck,audio_playback_equipment,hifi_component_deck,,,,,,,Core/random/boundary review repeatedly shows hi-fi deck / component audio player; the distinction is retained as device subtype rather than promoted to a new broad family.
fine,26,14,Standalone / portable open-deck turntable,device_subtype,accepted,medium-high,subtype:turntable_standalone_or_portable,turntable_record_player,standalone_portable_open_deck_turntable,,,,,,,Core/random/boundary review repeatedly shows standalone / portable open-deck turntable; the distinction is retained as device subtype rather than promoted to a new broad family.
fine,27,14,Integrated cabinet/console record-player form,device_subtype,accepted,medium-high,subtype:turntable_integrated_console,turntable_record_player,integrated_cabinet_console_record_player,,,,,,,Core/random/boundary review repeatedly shows integrated cabinet/console record-player form; the distinction is retained as device subtype rather than promoted to a new broad family.
raw_visual,0,0,Mixed residual with mains/power-connection and miscellaneous-device core,mixed_residual,mixed,low,residual:mixed_power_misc,,,,,,,,,Power/connectivity-heavy center but heterogeneous boundary/outliers.
raw_visual,1,0,Single handheld/mobile-device-like residual subset,ambiguous,mixed,medium-low,residual:handheld_like_subset,,,,,,,,,Not operationally promoted beyond residual parent.
raw_visual,2,0,Pile/collection of mobile phones and small electronics,scene_context,mixed,medium,scene:small_electronics_collection,,,,,bulk_collection,,small_electronics_collection,,The leaf repeatedly organizes around pile/collection of mobile phones and small electronics; it is kept as scene context visual structure rather than treated as an additional device class.
raw_visual,3,1,Phone with no obvious severe screen fracture,condition,accepted,high,condition:phone_no_obvious_severe_screen_breakage,smartphone,,,no_obvious_severe_screen_breakage,,,,,Corroborated by F00.
raw_visual,4,1,Cracked/shattered phone display,condition,accepted,high,condition:phone_display_cracked_or_shattered,smartphone,,,display_cracked_or_shattered,,,,,Corroborated by F01.
raw_visual,5,2,Isolated PCB / logic-board-like board,component_subtype,accepted,medium-high,component:pcb_logic_board_like,,,,,isolated_single_board,,,,Aligns with F02.
raw_visual,6,2,Densely/discretely populated or power-control board,component_subtype,accepted,medium-high,component:pcb_discrete_component_or_power_control_like,,,,,,,,,Aligns with F03.
raw_visual,7,2,Bulk pile/collection of boards,configuration,accepted,high,config:bulk_pcb_collection,,,,,bulk_board_collection,,component_collection,,Aligns with F04.
raw_visual,8,2,PCB/electronic scrap mixed with wires/debris,scene_context,accepted,medium-high,scene:pcb_scrap_with_wires_debris,,,,scrap_mixed,mixed_scrap,,electronic_component_scrap,,Additional disposal-context dimension.
raw_visual,9,2,Loose IC / CPU-like semiconductor packages,component_subtype,accepted,high,component:loose_ic_or_processor_package,,,,,,,,,Aligns with F05.
raw_visual,10,3,"Dark/colored, contoured modern-consumer mouse appearance",device_subtype,accepted,medium,form:mouse_dark_contoured,computer_mouse,dark_colored_contoured_mouse_form,,,,,,,Raw form distinction only.
raw_visual,11,3,Clean isolated conventional mouse product-style imagery,acquisition_style,nuisance_context,medium,acquisition:mouse_clean_isolated,computer_mouse,conventional_mouse_form,,,,,,clean_isolated_product_style,Form/acquisition mixture.
raw_visual,12,3,Wired mouse in desk/table context; cord salient,configuration,accepted,medium-high,config:mouse_wired_context,computer_mouse,,,,wired_cord_salient,,desk_table_context,in_situ_context,Configuration/acquisition mixture.
raw_visual,13,3,Sculpted/ergonomic/feature-rich mouse form,device_subtype,accepted,medium-high,form:mouse_sculpted_ergonomic,computer_mouse,sculpted_ergonomic_feature_rich_form,,,,,,,The leaf repeatedly organizes around sculpted/ergonomic/feature-rich mouse form; it is kept as device subtype visual structure rather than treated as an additional device class.
raw_visual,14,3,Legacy/boxy/trackball-style or unusual pointing-device form,device_subtype,accepted,medium-high,form:pointing_device_legacy_or_unusual,computer_mouse,legacy_boxy_trackball_like_or_unusual_pointing_form,,,,,,,Legacy/trackball-like is visual shorthand.
raw_visual,15,4,Consumer inkjet/photo/all-in-one printer,device_subtype,accepted,high,subtype:printer_consumer_inkjet_photo_aio_like,printer,consumer_inkjet_photo_all_in_one_like,,,,,,,Aligns with F08.
raw_visual,16,4,Laser/office/MFP printer,device_subtype,accepted,high,subtype:printer_office_laser_mfp_like,printer,office_laser_mfp_like,,,,,,,Aligns with F09.
raw_visual,17,4,Special-purpose/impact/label/receipt-printer-like forms,device_subtype,accepted,medium-high,subtype:printer_special_purpose_like,printer,special_purpose_printer_like_mixed,,,,,,,Higher-resolution raw structure without validated fine child.
raw_visual,18,5,Keyboard in desktop/desk setup,scene_context,nuisance_context,medium-high,scene:keyboard_desktop_setup,computer_keyboard,,,,,,desktop_desk_setup,in_situ_context,Scene/acquisition distinction in nuisance-sensitive split.
raw_visual,19,5,Isolated conventional full-size keyboard,device_subtype,accepted,medium-high,form:keyboard_conventional_full_size,computer_keyboard,conventional_full_size_keyboard,,,,,,isolated_product_style,Form plus acquisition.
raw_visual,20,5,Compact/chiclet/low-profile keyboard form,device_subtype,accepted,medium-high,form:keyboard_compact_low_profile,computer_keyboard,compact_chiclet_low_profile_keyboard,,,,,,,Meaningful raw form; no validated fine layer for P05.
raw_visual,21,6,Open laptop,configuration,accepted,high,config:laptop_open,laptop,,,,open,,,,Aligns with F10.
raw_visual,22,6,Closed/lid-down laptop,configuration,accepted,high,config:laptop_closed,laptop,,,,closed_or_lid_down,,,,Aligns with F11.
raw_visual,23,6,Dismantled/damaged laptop or laptop scrap,condition,accepted,high,condition:laptop_dismantled_damaged_or_scrap,laptop,,,dismantled_damaged_or_scrap,disassembled_or_scrap,,,,Aligns with F12.
raw_visual,24,7,Clean isolated/catalog-like microwave presentation,acquisition_style,nuisance_context,high,acquisition:microwave_clean_catalog,microwave_oven,,,,,,,clean_isolated_catalog_like,Very nuisance-sensitive; not a subtype.
raw_visual,25,7,In-situ/installed/used microwave presentation,acquisition_style,nuisance_context,high,acquisition:microwave_in_situ,microwave_oven,,,,,,kitchen_or_in_situ_context,in_situ_installed_used,Very nuisance-sensitive; acquisition only.
raw_visual,26,8,Closer/object-scale mixed e-waste pile with identifiable devices,scene_context,accepted,high,scene:ewaste_object_scale_heap,,,,,,,object_scale_mixed_e_waste_heap,,Aligns with F13.
raw_visual,27,8,Large outdoor landfill/scrapyard-scale heap,scene_context,accepted,high,scene:ewaste_large_outdoor_heap,,,,,,,large_outdoor_scrapyard_landfill,,Aligns with F14.
raw_visual,28,9,"In-situ desk monitor, usually dark/off",acquisition_style,nuisance_context,high,acquisition:display_in_situ,flat_panel_display,,,,usually_dark_or_off,,desk_context,in_situ_context,Acquisition dominates; overlaps F15.
raw_visual,29,9,Isolated clean/plain-background display,acquisition_style,nuisance_context,high,acquisition:display_isolated_product_style,flat_panel_display,,,,,,,isolated_plain_background_product_style,Acquisition dominates; overlaps F16.
raw_visual,30,9,Display/TV in room or installation context,scene_context,nuisance_context,medium-high,scene:display_room_installation,flat_panel_display,,,,,,room_or_installation_context,in_situ_context,The leaf repeatedly organizes around display/tv in room or installation context; it is kept as scene context visual structure rather than treated as an additional device class.
raw_visual,31,9,"Cracked, shattered or visibly malfunctioning display",condition,accepted,high,condition:display_cracked_or_malfunctioning,flat_panel_display,,,cracked_shattered_or_visibly_malfunctioning,,,,,Real condition signal despite nuisance-dominated validated fine split.
raw_visual,32,9,Powered/active display with visible image content,configuration,accepted,high,config:display_powered_active,flat_panel_display,,,,powered_active_visible_content,,,,The leaf repeatedly organizes around powered/active display with visible image content; it is kept as configuration visual structure rather than treated as an additional device class.
raw_visual,33,10,Flat handset/small-device battery pack,component_subtype,accepted,high,component:battery_flat_small_device_pack,,,,,,,,,Aligns with F17.
raw_visual,34,10,Large terminal/lead-acid-like battery form,component_subtype,accepted,high,component:battery_large_terminal_rectangular,,,,,,,,,Aligns with F19; chemistry unconfirmed.
raw_visual,35,10,"Consumer cylindrical cells, with some 9V-like boundary examples",component_subtype,accepted,high,component:battery_consumer_cells,,,,,,,,,Aligns with F20 at broader consumer-cell level.
raw_visual,36,10,Slim/flat laptop-battery-pack morphology,component_subtype,accepted,medium-high,component:battery_laptop_pack,,,,,,,,,Refines F18 semantically only.
raw_visual,37,10,Thicker/rail/extended laptop-battery-pack morphology,component_subtype,accepted,medium,component:battery_laptop_pack,,,,,,,,,Refines F18 semantically only.
raw_visual,38,11,Clean/canonical front-load washer product presentation,acquisition_style,nuisance_context,high,acquisition:front_load_washer_clean_product,front_loading_washing_machine,,,,,,,clean_canonical_product_presentation,Extremely nuisance-sensitive; not subtype.
raw_visual,39,11,Varied/in-situ/used/colored or less canonical washer presentation,acquisition_style,nuisance_context,high,acquisition:front_load_washer_in_situ,front_loading_washing_machine,,,,,,in_situ_context,varied_in_situ_used,Acquisition/style only.
raw_visual,40,12,Woodgrain/side-control/older-style CRT cabinet,device_subtype,accepted,high,form:crt_woodgrain_side_control_cabinet,crt_display,woodgrain_side_control_older_style_crt_cabinet,,,,,,,Aligns with F21; style only.
raw_visual,41,12,Later-looking plastic/dark compact CRT cabinet form,device_subtype,accepted,high,form:crt_compact_plastic_cabinet,crt_display,compact_plastic_darker_crt_cabinet,,,,,,,Aligns with F22; age unverified.
raw_visual,42,13,Portable boombox/radio-CD unit,device_subtype,accepted,high,subtype:audio_boombox_radio_cd,audio_playback_equipment,boombox_radio_cd,,,,,,,Aligns with F23.
raw_visual,43,13,Hi-fi rack/deck/component player,device_subtype,accepted,high,subtype:audio_hifi_component_deck,audio_playback_equipment,hifi_component_deck,,,,,,,Aligns with F25.
raw_visual,44,13,Personal portable CD player,device_subtype,accepted,high,subtype:audio_personal_cd_player,audio_playback_equipment,personal_portable_cd_player,,,,,,,Aligns with F24.
raw_visual,45,14,Standalone/suitcase/open-deck turntable,device_subtype,accepted,high,subtype:turntable_standalone_or_portable,turntable_record_player,standalone_portable_open_deck_turntable,,,,,,,Aligns with F26.
raw_visual,46,14,Integrated wood-console/cabinet record-player system,device_subtype,accepted,high,subtype:turntable_integrated_console,turntable_record_player,integrated_cabinet_console_record_player,,,,,,,Aligns with F27.
raw_visual,47,15,Parent-only singleton visual leaf: top-loading/semi-automatic washer family,device_family,accepted_broad_only,high,device:top_loading_or_semi_automatic_washing_machine,top_loading_or_semi_automatic_washing_machine,,,,,,,,Singleton leaf re-expresses parent; not subtype.
