path,sha256,bytes
outputs/derived/attribute_ablation_results.csv,85dbc872cf343dfa67c957f95fd6539edd21aeaa5e8b81186e5cdfa19ccd43a4,381
outputs/derived/attribute_ablation_results.json,19a75b6c332a9f2ae50c282cda50961f6c7c9fe0730393604e5f4752de1d7dc8,1878
outputs/derived/central_transition_activity.csv,01c036b04fc0b5ba1ae2bfa7a2116abb2eb429751c1b202935995917c2de7720,891
outputs/derived/central_transition_activity.json,5f62df3c40263c6dce8c25f6023ad5a3912dd14024abfdc397c46dedaea09409,3266
outputs/derived/claim_source_ablation_detail.csv,8ecb44e04ea179dea6396677df78d052b5faa8eb69fd8098f9ede8c1386df597,49606
outputs/derived/claim_source_ablation_detail.json,62da160efacada8645a8d93fced9d5910b8a04c0e81c2cf64f31f4ce614da802,119649
outputs/derived/continuous_transition_registry.csv,77349e11486a2b63de3c43e728f3ffd14dc3439637295a0a7424fe79d4db8d06,3061
outputs/derived/continuous_transition_registry.json,a6a64a2533067a09936e6332858934ffd604bd6c0a4bcea7a4aed50aa54b86fe,6613
outputs/derived/criterion_definitions.csv,84a40bbf1d450dc7711bfecb415a34a68de8ea7080769e1d941e49d49bd9e894,3225
outputs/derived/criterion_definitions.json,76eb26893619243b7a3d29785abe386b1d184952f1be95851e368410e1927ea9,5301
outputs/derived/criterion_evidence_map.csv,817ee53c722f56bb1a6aeea9228159af204c0a652cedec5a22bf6930a17304b9,147986
outputs/derived/criterion_evidence_map.json,1a597521bd9a39c3429a71c2577b707b504d40ac680e339bd2c33fe7ed34fd09,329651
outputs/derived/external_source_registry.csv,41e6ab30492e6acf7629e4684db8a47c2c5adad675e9ca037103b331b2846be2,8291
outputs/derived/external_source_registry.json,8747e824242d0c780ce4e9c03e71380a6a79726ff82052362e342874ca1db8db,13295
outputs/derived/global_ica1_off_ablation.csv,1b5de15c59497a15d9f1e3b225a473d5fd3e799dd3bc4c45467997082d8e9c22,202
outputs/derived/global_ica1_off_ablation.json,2decf438b166f22f578c873a0a799d8f6600593a8ad03952e41d6b1b47f5db05,265
outputs/derived/ica_semantic_audit.csv,a85d89eb430fe9766cb6dff72ee768fc6228c1014308f946ccbf420d42b92d83,3292
outputs/derived/ica_semantic_audit.json,720f9063ae39da58451183a9279677c8169c5532f8ebb3f8650215cc95f36c73,6198
outputs/derived/irp_rule_registry.csv,b6d8d7fa8e6f7de75d8a05cae2c0729a0ffccdf1f3ac80b0d589e45947e8ad4f,3151
outputs/derived/irp_rule_registry.json,8f4f03464d38a15ea251be485eecdaccf22883a0d616bd4a79e4f43ec884bcc5,5104
outputs/derived/leave_one_criterion_out.csv,79183c9946366226229ae370a47ca836763b691b3b6f13905961132511ffe4e3,516
outputs/derived/leave_one_criterion_out.json,3a2247620d274679af765cc55ddc5b297cfb1a5e610540ba2c4e3ea2617e7c61,1735
outputs/derived/parent_route_affinity_map.csv,64d5dd2dcd21898b4b23528c62bd523fac881673340a189251cfa5304d9b4e2d,64790
outputs/derived/parent_route_affinity_map.json,4db3cfdc4790f766e35a77bb08ea40fdb7c7d0ccaf5331cd39333315194253d6,156552
outputs/derived/parent_sensitivity_summary.csv,14cc6b50cec2a75c9514ec2a7c63486a059f83ed7134d165b6289be1b4e9e993,1513
outputs/derived/parent_sensitivity_summary.json,ba375284895462b06d565cbde6afeb11596c19c1cbd15698814dae243bf93a1f,10203
outputs/derived/per_image_criterion_profile.csv,fb119cf6f7253fe293b49157a8505bd0ac725f5a35abf0ec6b8c37059f70b566,6608956
outputs/derived/per_image_criterion_profile.json,d62c1eeed4b35fafe608b4bb97f19a35db408d223121d53f01e93cbce4762f9e,17050675
outputs/derived/per_image_final_ordinal_resource_profile.csv,0277de44df201986247aee66250bb9f772288c167a4aeae14dbc3a104cff9050,8465567
outputs/derived/per_image_final_ordinal_resource_profile.json,098af9da81dbabfba15dc02553009b27e629731e12d1fe1f93cd5c426ef39950,15310224
outputs/derived/per_image_final_ordinal_resource_profile.jsonl,e7a1310a46dc8ac1053aa9d7677fa8e1fd5b073cd8988d25ee36cfc49c2748ed,13699550
outputs/derived/per_image_sensitivity_audit.csv,002fabe73bb92641427cf8c7aa0d3f6f7a1b1f537b50c8643bacf8eeec7551a4,728532
outputs/derived/per_image_sensitivity_audit.json,823d420fb930e4b6740880e6538c069bffdf8f354609a604954eb93281e34a50,2763734
outputs/derived/route_resolution_rule_registry.csv,9a823013bf323601792257109090cf352e5dafc706e42a5891aa1ce8b1ea1787,820
outputs/derived/route_resolution_rule_registry.json,b1fb36a0b3adc0e61ab72b7c74828c815a736a33e15cd99dd0848444e6707edb,1235
outputs/derived/route_source_ablation_detail.csv,ae05535c9f6c53fae6a3a578abd029e21fe1314901b86242694670cb59788960,4840
outputs/derived/route_source_ablation_detail.json,b132e800d27ee691bcba2d118e788d97f1032c902aec80d7ac7fe198ca43c231,11038
outputs/derived/route_source_ablation_results.csv,d68a443c0cb24a730676514d09c2e9ffc8897cb17912cca384813d02fab34ccc,360
outputs/derived/route_source_ablation_results.json,96a5339c0407cfcb6acb2f1e92a8a9fed9e3e6fe7b8285eb4304abb52a05b6a3,2653
outputs/derived/score_validation.csv,380b3d6cebb2c4ca9b088506ccc832c1086c88628c11fe46b20c573c770146fd,3900
outputs/derived/score_validation.json,37ab12fe1404883b95117ad292fe2e127548b5a100d2e67610131c257d01735b,7967
outputs/derived/semantic_permission_registry.csv,9209d5074b5fbe59ca5bdcd4b246976d7aaa14e97b37da6881c8364c7a425264,10779
outputs/derived/semantic_permission_registry.json,9c7923bc9c2408c03a595d1508a431d4926ccfcc17dfe61c6c0a489ca407294e,31125
outputs/derived/semantic_transition_registry.csv,2ef76dc0916c60aaeea8ac020caf4772bf93b98e5fa17ae94b5c1a777da7704d,7314
outputs/derived/semantic_transition_registry.json,2c2c51d02f5ecaf393b50415690b983ece26c96768cbfe3391f2a87e70f3ccae,16981
outputs/derived/source_ablation_results.csv,aaebfb528102b5285074d6670e4a5c3465704a27cddbff46ede7f23da3886369,1391
outputs/derived/source_ablation_results.json,8c0767bcee266b37539cdaf9a9b8a59838cfc1dd88281df85959b504a90eb478,12994
outputs/derived/support_stratified_retention.csv,5936db0481a4c63f10f68c0c77cbcf822a2a6fbfcbbfeb70f37592860dc3a7ed,326
outputs/derived/support_stratified_retention.json,3d15c30415d64468cd443c0ad18c2a32f865d89fcdcb5bb21eafb0f75c9ad0d2,796
outputs/figures/01_evidence_to_profile_architecture.png,2a95368a19d798f1af7084fd54478007d9d1fafa940cbdecebe6b10b40cae0b8,112175
outputs/figures/02_parent_criterion_atlas.png,9f6b77cddb0c4d7b2371c8d9902786d19418cebe0fea6766f15c3d8d5716fa35,226235
outputs/figures/03_image_conditioned_transition_map.png,c46f6360fe997f87062cfcf04d8389b4e5f4a84c513644725ea9b62872501200,201313
outputs/figures/04_evidence_provenance.png,4f4e2f683ea488c335cad175cf336f8f7119af8f6e2dfdd4334c55938f0a796f,149845
outputs/figures/05_route_compatibility_atlas.png,eddfa24173deae44a7e43eabdb2e90e36a536ee73a1fc1ba0ea5fc25af6a7275,135056
outputs/figures/06_sensitivity_robustness.png,d89bbe6de7d68d00c17c1a6317fe33929a38e7c6cd84b2e5cb8fe6498041407a,128961
outputs/figures/07_representative_profile_cards.png,cfb1c87b8514b2b553d1b9f29bf01a48e8b8df05ac608d42bc59d99c10d8a6e5,864988
outputs/report/final_methodology.md,9a5e5f865ab5f08eb341c98a66a73a7e48ebe92392eb729dfe98fb05e8db143d,1929
outputs/report/final_results.md,0f4510b23b0ac6205dac60c870e12308a8e4ef684efa96dd2cb218732a16f1df,2025
outputs/report/handoff_audit.json,ce5447fc6b3a2eced071ad677424639cce332485541e3736ca639c185d2d0d0a,401
outputs/report/source_verification_summary.csv,851317937d6d53ba3e4f4b63b5a13b2305bb617cffb6497f85e91e176cd4c1b6,4778
