source_id,organization,title,publication_date,effective_date,consolidation_date,retrieval_date,date_note,verification_status,exact_locator,system_boundary,product_scope
E001,UNITAR SCYCLE,"E-waste Statistics: Guidelines on Classifications, Reporting and Indicators, Third Edition",2026-02-12,,,2026-09-26,,VERIFIED_PRIMARY_CURRENT,Zenodo record; UNU-KEY v2 descriptions; Annex 6 average weights; Annex 7 material composition; Tables 26–27,statistical/product and broad waste-stream reference,UNU-KEY v2 product descriptions; average weights; EU6-PV material composition
E002,European Union,"Directive 2012/19/EU on WEEE, consolidated 8 April 2024",2012-07-24,,2024-04-08,2026-09-26,Original Directive published in OJ L 197 on 24 July 2012; 8 April 2024 is the consolidated-version date.,VERIFIED_PRIMARY_CURRENT,Article 4; Article 6(2); Article 15(1); Annexes III–IV,"reuse, collection, dismantling, recovery and treatment context",EEE/WEEE generally
E003,Basel Convention Secretariat,E-waste Amendments FAQs,,2025-01-01,,2026-09-26,The FAQ page does not expose a verified publication date. 1 January 2025 is the entry-into-force date of the Basel e-waste amendments.,VERIFIED_PRIMARY_CURRENT,"Questions 1–4, 8, 10–13",transboundary control and hazardous/special-consideration screening,"e-waste, components and processing residues"
E004,Government of Indonesia / JDIH BPK,Permen LHK No. 9 Tahun 2024,2024-07-01,2024-07-01,,2026-09-26,"Official JDIH metadata records establishment, promulgation and entry into force on 1 July 2024.",VERIFIED_PRIMARY_CURRENT,Official abstract; Pasal 3 scope provisions; effective 1 July 2024,domestic waste-management screening,unused electronic goods within B3-containing specific-waste framework
E005,Umicore,E-scrap recycling,,,,2026-09-26,,VERIFIED_FIRST_PARTY_CURRENT,E-scrap page; “What can Umicore recycle?” feed list and sampling/assay description,specialist precious-metal-bearing e-scrap feed acceptance and recovery,"PCBs, phones/small IT, CPUs/ICs, laptops, PCB-bearing shredded fractions"
E006,Umicore,Battery Recycling Solutions / Pyro-hydro technology,,,,2026-09-26,,VERIFIED_FIRST_PARTY_CURRENT,“Closing the loop” and “Pyro-hydro technology” sections,specialist battery recycling,lithium-ion batteries and production scrap
E007,UNEP / International Resource Panel,"Metal Recycling: Opportunities, Limits, Infrastructure",2013,,,2026-09-26,,VERIFIED_PRIMARY_METADATA_HISTORICAL,"Product-centric discussion; Section 9.5; Table 39, printed p.223",product-centric recycling and material complexity,complex products and product-centric metal recycling; washing-machine example
E008,U.S. EPA,Cathode Ray Tubes (CRTs),,,,2026-09-26,,VERIFIED_GOVERNMENT_CURRENT,“Cathode Ray Tubes (CRTs)” and “Regulation of Cathode Ray Tubes” sections,CRT reuse/recycling and lead-glass management,CRT televisions and monitors
E009,Journal of Material Cycles and Waste Management,"Discarded e-waste/printed circuit boards: a review of their recent methods of disassembly, sorting and environmental implications",2024-03-02,,,2026-09-26,,VERIFIED_PEER_REVIEWED,Abstract; sections on disassembly and “Sorting of electronic components”,"PCB composition, disassembly, component sorting and environmental implications",discarded printed circuit boards
E010,RSC Sustainability,Recovery of metals and valuable chemicals from waste electric and electronic materials: a critical review of existing technologies,2023,,,2026-09-26,,VERIFIED_PEER_REVIEWED,Abstract; Sections 3–4; Conclusions,mechanical pretreatment and pyro/hydro/bio-metallurgical recovery,WEEE material recovery
E011,Basel Convention / PACE,"Guideline on environmentally sound testing, refurbishment and repair of used computing equipment",2013,,,2026-09-26,COP11/PACE guidance document; exact public posting day is not used as a model input.,VERIFIED_BASEL_PACE_GUIDANCE,UNEP/CHW.11/INF/12/Rev.1; introductory scope and refurbishment/repair process guidance,"testing, refurbishment and repair","PCs, laptops, monitors, printers, keyboards, mice and peripherals"
E012,Basel Convention / Mobile Phone Partnership Initiative,Guidance document on environmentally sound management of used and end-of-life mobile phones,2011,,,2026-09-26,,VERIFIED_BASEL_MPPI_GUIDANCE,"UNEP/CHW.10/INF/27/Rev.1, Introduction §§1–4 and guidance summaries","collection, refurbishment, material recovery and recycling",used and end-of-life mobile phones
E013,European Union,Regulation (EU) 2023/1542 concerning batteries and waste batteries,2023-07-28,,,2026-09-26,,VERIFIED_PRIMARY_CURRENT,Articles 70–71; Annex XII Parts A–C,"waste-battery treatment, recycling efficiency and material-recovery requirements","waste lead-acid, lithium-based, nickel-cadmium and other batteries"
